NA,hla-b,hla_b_15_01,RLKDGVLAY,NA
NA,hla-b,hla_b_15_01,AQAPAGTSF,NA
NA,hla-b,hla_b_15_01,SQSQPSSQY,NA
NA,hla-b,hla_b_15_01,KVREEIAEY,NA
NA,hla-b,hla_b_15_01,KQKGLSVTF,NA
NA,hla-b,hla_b_15_01,LQQPSTQEY,NA
NA,hla-b,hla_b_15_01,IQKTAEIVY,NA
NA,hla-b,hla_b_15_01,AVIKIQSSY,NA
NA,hla-b,hla_b_15_01,AQIELLQLL,NA
NA,hla-b,hla_b_15_01,ILRPEELGF,NA
NA,hla-b,hla_b_15_01,AQNSGGSAY,NA
NA,hla-b,hla_b_15_01,VLKEEGVSF,NA
NA,hla-a,hla_a_03_01,ALFKNLLLK,NA
NA,hla-a,hla_a_03_01,STASTVISK,NA
NA,hla-a,hla_a_03_01,RILLPIVQK,NA
NA,hla-a,hla_a_03_01,KVYNGILEK,NA
NA,hla-a,hla_a_03_01,RVNPKTIGK,NA
NA,hla-a,hla_a_03_01,KLSSLPFQK,NA
NA,hla-a,hla_a_03_01,SVLGTLLQK,NA
NA,hla-a,hla_a_03_01,KLYEQLSGK,NA
NA,hla-a,hla_a_03_01,RLAAPLLKR,NA
NA,hla-a,hla_a_03_01,KLLAEVTLK,NA
NA,hla-a,hla_a_03_01,VLNDVFLSK,NA
NA,hla-a,hla_a_03_01,ALAPPAQQK,NA
NA,hla-b,hla_b_57_01,KSGELLATW,NA
NA,hla-b,hla_b_57_01,RAKAIIVEF,NA
NA,hla-b,hla_b_57_01,LTVRELKLF,NA
NA,hla-b,hla_b_57_01,TTSKPVRKW,NA
NA,hla-b,hla_b_57_01,KTFPSIHLW,NA
NA,hla-b,hla_b_57_01,KSKLEAREY,NA
NA,hla-b,hla_b_57_01,ISTPVIRTF,NA
NA,hla-b,hla_b_57_01,RTAKLQVTL,NA
NA,hla-b,hla_b_57_01,ATLGLPKSW,NA
NA,hla-b,hla_b_57_01,LSRSIVKRW,NA
NA,hla-b,hla_b_57_01,KSSKIMESF,NA
NA,hla-b,hla_b_57_01,KALGDQILF,NA
NA,hla-a,hla_a_26_01,EVIELIVKY,NA
NA,hla-a,hla_a_26_01,ETAPRVTSF,NA
NA,hla-a,hla_a_26_01,EIKDILIQY,NA
NA,hla-a,hla_a_26_01,DVIGTLSGF,NA
NA,hla-a,hla_a_26_01,EVVKKVNEM,NA
NA,hla-a,hla_a_26_01,EVSDRISSL,NA
NA,hla-a,hla_a_26_01,ETIDVHSGY,NA
NA,hla-a,hla_a_26_01,EVASVYQSY,NA
NA,hla-a,hla_a_26_01,ELVDLIPEY,NA
NA,hla-a,hla_a_26_01,EVKARLQKY,NA
NA,hla-a,hla_a_26_01,EVIGKITAL,NA
NA,hla-a,hla_a_26_01,ETAEKLARF,NA
