NA,hla-a,hla_a_02_01,FLFGDDDAL,NA
NA,hla-a,hla_a_02_01,QVNDVLHSV,NA
NA,hla-a,hla_a_02_01,WLDQVPFSV,NA
NA,hla-a,hla_a_02_01,RLVDFLHWL,NA
NA,hla-a,hla_a_02_01,ILTLDIFYL,NA
NA,hla-a,hla_a_02_01,LLAQFTSAI,NA
NA,hla-a,hla_a_02_01,IMIGHLVGV,NA
NA,hla-a,hla_a_02_01,KLFSDISAI,NA
NA,hla-a,hla_a_02_01,AMWLLLLSI,NA
NA,hla-a,hla_a_02_01,YLVSFGVWI,NA
NA,hla-a,hla_a_02_01,RLDAEYWSV,NA
NA,hla-a,hla_a_02_01,YQVKYVSPV,NA
hard,hla-a,hla_a_02_01,ETLDVFGPI,NA
hard,hla-a,hla_a_02_01,PSEVELEEY,NA
hard,hla-a,hla_a_02_01,NNMDKAVKL,NA
hard,hla-a,hla_a_02_01,FLVIAINAM,NA
hard,hla-a,hla_a_02_01,ILFVVIVGL,NA
hard,hla-a,hla_a_02_01,LLNLSGVNN,NA
hard,hla-a,hla_a_02_01,KTPWDRFCK,NA
hard,hla-a,hla_a_02_01,PTMNNAKLT,NA
hard,hla-a,hla_a_02_01,MHDPHSIPL,NA
hard,hla-a,hla_a_02_01,GERGFFYTP,NA
hard,hla-a,hla_a_02_01,KRVDWSVEY,NA
hard,hla-a,hla_a_02_01,VTDTINTVL,NA
NA,hla-b,hla_b_07_02,VPAGTTISV,NA
NA,hla-b,hla_b_07_02,HPLARTAKV,NA
NA,hla-b,hla_b_07_02,RARLVALAV,NA
NA,hla-b,hla_b_07_02,MMHASTSPF,NA
NA,hla-b,hla_b_07_02,RPYGKFRAM,NA
NA,hla-b,hla_b_07_02,RAPKVRLSL,NA
NA,hla-b,hla_b_07_02,IPLQASLPF,NA
NA,hla-b,hla_b_07_02,RPVPHWPKY,NA
NA,hla-b,hla_b_07_02,FPAPRAETL,NA
NA,hla-b,hla_b_07_02,MPSMSRRVF,NA
NA,hla-b,hla_b_07_02,EPFSRRHPL,NA
NA,hla-b,hla_b_07_02,RPQASGVYM,NA
hard,hla-b,hla_b_07_02,KTDVIDLLY,NA
hard,hla-b,hla_b_07_02,YQSMIRPPY,NA
hard,hla-b,hla_b_07_02,FPRCRYVHK,NA
hard,hla-b,hla_b_07_02,YHQRFVQAL,NA
hard,hla-b,hla_b_07_02,NERGKTLLF,NA
hard,hla-b,hla_b_07_02,RIGGVLIFR,NA
hard,hla-b,hla_b_07_02,RVVDLYIGR,NA
hard,hla-b,hla_b_07_02,QINELHHSK,NA
hard,hla-b,hla_b_07_02,PVEKNTVEL,NA
hard,hla-b,hla_b_07_02,MGPSLIGLA,NA
hard,hla-b,hla_b_07_02,DISPTNIPL,NA
hard,hla-b,hla_b_07_02,NGTPNELGG,NA
NA,hla-b,hla_b_27_05,SRWSRKMLM,NA
NA,hla-b,hla_b_27_05,YRFNLRRKM,NA
NA,hla-b,hla_b_27_05,RVYLQGHGY,NA
NA,hla-b,hla_b_27_05,IRMEFQSVF,NA
NA,hla-b,hla_b_27_05,RRFKYLLNV,NA
NA,hla-b,hla_b_27_05,RRLTARGII,NA
NA,hla-b,hla_b_27_05,RRWIAPHPL,NA
NA,hla-b,hla_b_27_05,YRHKVVKVM,NA
NA,hla-b,hla_b_27_05,RRLAARGLL,NA
NA,hla-b,hla_b_27_05,YRRWIQLGL,NA
NA,hla-b,hla_b_27_05,WRNSFLLRY,NA
NA,hla-b,hla_b_27_05,ARWLASTPL,NA
hard,hla-b,hla_b_27_05,RLKTATYTF,NA
hard,hla-b,hla_b_27_05,KFRRFTQAI,NA
hard,hla-b,hla_b_27_05,KGIGGNQEI,NA
hard,hla-b,hla_b_27_05,MVDESMMMS,NA
hard,hla-b,hla_b_27_05,RPPIFIRRL,NA
hard,hla-b,hla_b_27_05,LRARGETYG,NA
hard,hla-b,hla_b_27_05,FRKEFTKLE,NA
hard,hla-b,hla_b_27_05,FTLSFGNST,NA
hard,hla-b,hla_b_27_05,ETKKTMLAL,NA
hard,hla-b,hla_b_27_05,GVNACQVGV,NA
hard,hla-b,hla_b_27_05,KPIPHRTVL,NA
hard,hla-b,hla_b_27_05,ISDPAFKVF,NA
