NA,hla-a,hla_a_02_01,SLLEGLPQV,NA
NA,hla-a,hla_a_02_01,TLSDIVVTL,NA
NA,hla-a,hla_a_02_01,ALQEKIEEL,NA
NA,hla-a,hla_a_02_01,RLLDRIHSI,NA
NA,hla-a,hla_a_02_01,LLASIIQRV,NA
NA,hla-a,hla_a_02_01,ALLPAVPSL,NA
NA,hla-a,hla_a_02_01,RLAESLLAL,NA
NA,hla-a,hla_a_02_01,ALQDFLLSV,NA
NA,hla-a,hla_a_02_01,KLLSLVAVV,NA
NA,hla-a,hla_a_02_01,SLHDVLFEL,NA
NA,hla-a,hla_a_02_01,GLLGTLVRL,NA
NA,hla-a,hla_a_02_01,ALAPVTIEV,NA
NA,hla-b,hla_b_07_02,APRPSSSTL,NA
NA,hla-b,hla_b_07_02,SPSLPTASL,NA
NA,hla-b,hla_b_07_02,IPAEGRVAL,NA
NA,hla-b,hla_b_07_02,RPQSSRPVL,NA
NA,hla-b,hla_b_07_02,APVKPGPAL,NA
NA,hla-b,hla_b_07_02,SPASLARTL,NA
NA,hla-b,hla_b_07_02,RPREKKLGL,NA
NA,hla-b,hla_b_07_02,APAVVPGSL,NA
NA,hla-b,hla_b_07_02,RVRPPGALL,NA
NA,hla-b,hla_b_07_02,RPAATSTRL,NA
NA,hla-b,hla_b_07_02,KPQLLLLAL,NA
NA,hla-b,hla_b_07_02,APRAPAAGL,NA
NA,hla-b,hla_b_27_05,RRLLLLPLL,NA
NA,hla-b,hla_b_27_05,GRFKITTRF,NA
NA,hla-b,hla_b_27_05,ARKGVQLGL,NA
NA,hla-b,hla_b_27_05,ARFEQLISR,NA
NA,hla-b,hla_b_27_05,RRSQVIEKF,NA
NA,hla-b,hla_b_27_05,GRVPLILNL,NA
NA,hla-b,hla_b_27_05,RRAPVVVRL,NA
NA,hla-b,hla_b_27_05,ARLQLELSK,NA
NA,hla-b,hla_b_27_05,QRLKVIQSL,NA
NA,hla-b,hla_b_27_05,KRAAILTKL,NA
NA,hla-b,hla_b_27_05,KRHSLVQTL,NA
NA,hla-b,hla_b_27_05,IRNDGVLLL,NA
NA,hla-c,hla_c_15_05,SSDGKVRQL,NA
NA,hla-c,hla_c_15_05,VSNTRTVLL,NA
NA,hla-c,hla_c_15_05,KNDLKALKM,NA
NA,hla-c,hla_c_15_05,RSYTLIRKL,NA
NA,hla-c,hla_c_15_05,KSSSKVTSV,NA
NA,hla-c,hla_c_15_05,SSLKHSTTL,NA
NA,hla-c,hla_c_15_05,YSHKKILQL,NA
NA,hla-c,hla_c_15_05,ASVDKVLEL,NA
NA,hla-c,hla_c_15_05,SSIDRTATL,NA
NA,hla-c,hla_c_15_05,SSYTGQSQL,NA
NA,hla-c,hla_c_15_05,SSVGKVSVL,NA
NA,hla-c,hla_c_15_05,NSNTQVVLL,NA
NA,hla-c,hla_c_16_02,AATEVSKEL,NA
NA,hla-c,hla_c_16_02,SATSLLHTV,NA
NA,hla-c,hla_c_16_02,VAAEEARNY,NA
NA,hla-c,hla_c_16_02,VAAADVKQL,NA
NA,hla-c,hla_c_16_02,AAASAIKVI,NA
NA,hla-c,hla_c_16_02,AASGRVLEV,NA
NA,hla-c,hla_c_16_02,AAAMTLRTV,NA
NA,hla-c,hla_c_16_02,AATSATHEL,NA
NA,hla-c,hla_c_16_02,TATEQAKQL,NA
NA,hla-c,hla_c_16_02,IANAVVKEL,NA
NA,hla-c,hla_c_16_02,AATSNVHMV,NA
NA,hla-c,hla_c_16_02,AAANAIRVY,NA
NA,hla-c,hla_c_03_04,AAAAPGRAL,NA
NA,hla-c,hla_c_03_04,LSVPVLSSL,NA
NA,hla-c,hla_c_03_04,SASPASLLL,NA
NA,hla-c,hla_c_03_04,FAVGSFHTL,NA
NA,hla-c,hla_c_03_04,FSTDGVPVL,NA
NA,hla-c,hla_c_03_04,YAISAGVSL,NA
NA,hla-c,hla_c_03_04,VAAPVVKEL,NA
NA,hla-c,hla_c_03_04,LIVEPSREL,NA
NA,hla-c,hla_c_03_04,FSAGHSSEL,NA
NA,hla-c,hla_c_03_04,FIAPTGHSL,NA
NA,hla-c,hla_c_03_04,FSSEVTAAL,NA
NA,hla-c,hla_c_03_04,FANNVQLSL,NA
hard,hla-a,hla_a_02_01,AVKDGILLA,NA
hard,hla-a,hla_a_02_01,IIATVDTRL,NA
hard,hla-a,hla_a_02_01,RLGPTGKEV,NA
hard,hla-a,hla_a_02_01,EMHIKAIQI,NA
hard,hla-a,hla_a_02_01,FISKKEWYV,NA
hard,hla-a,hla_a_02_01,EVFGRVQGV,NA
hard,hla-a,hla_a_02_01,FVCRPNAAL,NA
hard,hla-a,hla_a_02_01,LLPEICHFL,NA
hard,hla-a,hla_a_02_01,NIPVRFIEA,NA
hard,hla-a,hla_a_02_01,GMNKETFNL,NA
hard,hla-a,hla_a_02_01,KLFLVNNKI,NA
hard,hla-a,hla_a_02_01,HITNIPFSI,NA
hard,hla-b,hla_b_07_02,RLMNDMTAV,NA
hard,hla-b,hla_b_07_02,TADQTEKHF,NA
hard,hla-b,hla_b_07_02,IVIEVIPFL,NA
hard,hla-b,hla_b_07_02,FPFGYVSNI,NA
hard,hla-b,hla_b_07_02,LLNPHLRQL,NA
hard,hla-b,hla_b_07_02,VALGNMYEL,NA
hard,hla-b,hla_b_07_02,HAFDGRPSV,NA
hard,hla-b,hla_b_07_02,LPVEQGFTF,NA
hard,hla-b,hla_b_07_02,KLCDIIVHI,NA
hard,hla-b,hla_b_07_02,MAANPQGRI,NA
hard,hla-b,hla_b_07_02,VVYPWTQRF,NA
hard,hla-b,hla_b_07_02,MPTKETTKL,NA
hard,hla-b,hla_b_27_05,RSWAYRDSL,NA
hard,hla-b,hla_b_27_05,MQNKAVVFF,NA
hard,hla-b,hla_b_27_05,AGMGFGLER,NA
hard,hla-b,hla_b_27_05,VRSELQAYK,NA
hard,hla-b,hla_b_27_05,LQDVIDLRL,NA
hard,hla-b,hla_b_27_05,SGATIRIFK,NA
hard,hla-b,hla_b_27_05,KSTMLYNKF,NA
hard,hla-b,hla_b_27_05,DRQGVTQVL,NA
hard,hla-b,hla_b_27_05,QSGPPPPPR,NA
hard,hla-b,hla_b_27_05,HGLIRKYGL,NA
hard,hla-b,hla_b_27_05,TRHTGEKPF,NA
hard,hla-b,hla_b_27_05,TSVDRVLLK,NA
hard,hla-c,hla_c_15_05,ETADITHAL,NA
hard,hla-c,hla_c_15_05,NRHLFKDKV,NA
hard,hla-c,hla_c_15_05,RSKESVPEF,NA
hard,hla-c,hla_c_15_05,DNLMRIFTM,NA
hard,hla-c,hla_c_15_05,FTWEGLYNV,NA
hard,hla-c,hla_c_15_05,KTHGEHVGF,NA
hard,hla-c,hla_c_15_05,HSMSQPIMV,NA
hard,hla-c,hla_c_15_05,ARIFLEESL,NA
hard,hla-c,hla_c_15_05,TSFWALLYL,NA
hard,hla-c,hla_c_15_05,ATFPVAIVM,NA
hard,hla-c,hla_c_15_05,GRLVTRAAF,NA
hard,hla-c,hla_c_15_05,IRVIAHTQM,NA
hard,hla-c,hla_c_16_02,TAHSRPVTL,NA
hard,hla-c,hla_c_16_02,AVLMHRERY,NA
hard,hla-c,hla_c_16_02,FTWEGLYNV,NA
hard,hla-c,hla_c_16_02,KSQDKTLKI,NA
hard,hla-c,hla_c_16_02,RSWAYRDSL,NA
hard,hla-c,hla_c_16_02,VTLNINRKL,NA
hard,hla-c,hla_c_16_02,AAEKEAALV,NA
hard,hla-c,hla_c_16_02,RTAPRFGLY,NA
hard,hla-c,hla_c_16_02,EVFGRVQGV,NA
hard,hla-c,hla_c_16_02,IVIEVIPFL,NA
hard,hla-c,hla_c_16_02,TSDKPGSPY,NA
hard,hla-c,hla_c_16_02,MSHLLEMCV,NA
hard,hla-c,hla_c_03_04,TADQTEKHF,NA
hard,hla-c,hla_c_03_04,ETADITHAL,NA
hard,hla-c,hla_c_03_04,HIKPHIDSV,NA
hard,hla-c,hla_c_03_04,SSMVRDWVM,NA
hard,hla-c,hla_c_03_04,RSSPLKLEF,NA
hard,hla-c,hla_c_03_04,NAHIKLSNL,NA
hard,hla-c,hla_c_03_04,KTLEQHENF,NA
hard,hla-c,hla_c_03_04,ASLFSGRLV,NA
hard,hla-c,hla_c_03_04,QTTGVPLVV,NA
hard,hla-c,hla_c_03_04,VAYMNPIAM,NA
hard,hla-c,hla_c_03_04,FSFSGVNRL,NA
hard,hla-c,hla_c_03_04,EAPSQKVTV,NA
