allele,atlas_ms,affinity,mf_ms,locus
HLA-A*01:01,2524,4192,5323,HLA-A
HLA-A*02:01,14363,13222,28469,HLA-A
HLA-A*02:02,2351,2486,2369,HLA-A
HLA-A*02:03,2014,4481,1881,HLA-A
HLA-A*02:04,1804,4,2674,HLA-A
HLA-A*02:05,3242,76,2666,HLA-A
HLA-A*02:06,2485,3802,1773,HLA-A
HLA-A*02:07,2689,67,3388,HLA-A
HLA-A*02:11,1405,1084,1430,HLA-A
HLA-A*02:20,652,0,0,HLA-A
HLA-A*02:52,1708,0,0,HLA-A
HLA-A*03:01,7498,5814,6184,HLA-A
HLA-A*03:02,625,18,8,HLA-A
HLA-A*11:01,3399,4828,5288,HLA-A
HLA-A*11:02,1384,14,1415,HLA-A
HLA-A*23:01,1822,1818,1979,HLA-A
HLA-A*24:02,5443,3371,7357,HLA-A
HLA-A*24:07,953,0,961,HLA-A
HLA-A*25:01,1436,938,1535,HLA-A
HLA-A*26:01,1650,3668,1026,HLA-A
HLA-A*26:08,531,0,340,HLA-A
HLA-A*29:02,1220,1988,5300,HLA-A
HLA-A*30:01,1774,2892,1973,HLA-A
HLA-A*30:02,1137,1630,1020,HLA-A
HLA-A*31:01,1613,3986,1684,HLA-A
HLA-A*32:01,1499,833,3762,HLA-A
HLA-A*33:01,1429,1935,1391,HLA-A
HLA-A*33:03,1554,90,2686,HLA-A
HLA-A*34:01,1437,0,1452,HLA-A
HLA-A*34:02,2783,0,2093,HLA-A
HLA-A*36:01,647,0,785,HLA-A
HLA-A*66:01,1223,77,1651,HLA-A
HLA-A*68:01,4772,2509,3301,HLA-A
HLA-A*68:02,1384,3707,2247,HLA-A
HLA-A*69:01,618,2565,568,HLA-A
HLA-A*74:01,1211,9,1249,HLA-A
HLA-B*07:02,6747,4593,12111,HLA-B
HLA-B*07:04,899,0,906,HLA-B
HLA-B*08:01,4884,3094,4774,HLA-B
HLA-B*13:01,2359,0,2280,HLA-B
HLA-B*13:02,3611,2,3482,HLA-B
HLA-B*14:01,103,40,9,HLA-B
HLA-B*14:02,2342,172,1417,HLA-B
HLA-B*15:01,8596,4125,6982,HLA-B
HLA-B*15:02,1639,184,11472,HLA-B
HLA-B*15:03,2238,583,2429,HLA-B
HLA-B*15:10,1178,17,2994,HLA-B
HLA-B*15:11,669,0,125,HLA-B
HLA-B*15:13,509,6,0,HLA-B
HLA-B*15:17,1330,1436,1349,HLA-B
HLA-B*15:18,902,0,2,HLA-B
HLA-B*18:01,2267,2220,2412,HLA-B
HLA-B*18:03,110,0,113,HLA-B
HLA-B*18:05,523,0,0,HLA-B
HLA-B*27:04,1517,64,761,HLA-B
HLA-B*27:05,4939,2853,22091,HLA-B
HLA-B*27:09,1580,40,3024,HLA-B
HLA-B*35:01,1356,2765,2886,HLA-B
HLA-B*35:02,1119,1,23,HLA-B
HLA-B*35:03,3829,155,2183,HLA-B
HLA-B*35:07,1310,0,1322,HLA-B
HLA-B*35:08,408,8,697,HLA-B
HLA-B*37:01,989,25,1052,HLA-B
HLA-B*38:01,3642,500,1521,HLA-B
HLA-B*38:02,1820,0,1851,HLA-B
HLA-B*39:01,2029,1638,1385,HLA-B
HLA-B*39:05,953,0,3,HLA-B
HLA-B*39:06,1309,33,470,HLA-B
HLA-B*39:24,456,0,198,HLA-B
HLA-B*40:01,6524,2783,7122,HLA-B
HLA-B*40:02,8474,586,9306,HLA-B
HLA-B*40:06,1291,0,1378,HLA-B
HLA-B*40:32,1263,0,13,HLA-B
HLA-B*41:01,101,0,1064,HLA-B
HLA-B*42:01,2025,107,2037,HLA-B
HLA-B*44:02,3947,1671,5476,HLA-B
HLA-B*44:03,3378,847,4385,HLA-B
HLA-B*44:05,1841,3,3,HLA-B
HLA-B*45:01,1916,576,2313,HLA-B
HLA-B*46:01,1760,1798,1770,HLA-B
HLA-B*47:01,2734,0,18,HLA-B
HLA-B*48:01,179,883,0,HLA-B
HLA-B*49:01,2885,0,3785,HLA-B
HLA-B*50:01,1165,0,1163,HLA-B
HLA-B*51:01,2490,2224,7700,HLA-B
HLA-B*51:08,486,0,486,HLA-B
HLA-B*52:01,547,27,551,HLA-B
HLA-B*53:01,1385,1088,1402,HLA-B
HLA-B*54:01,600,734,751,HLA-B
HLA-B*55:01,1145,2,1121,HLA-B
HLA-B*55:02,834,16,842,HLA-B
HLA-B*56:01,1104,3,1173,HLA-B
HLA-B*57:01,5758,2509,6312,HLA-B
HLA-B*57:03,3025,31,3105,HLA-B
HLA-B*58:01,1862,3354,2750,HLA-B
HLA-B*58:02,567,39,595,HLA-B
HLA-B*67:01,558,0,0,HLA-B
HLA-B*73:01,569,131,147,HLA-B
HLA-B*81:01,969,35,0,HLA-B
HLA-C*01:02,1650,14,1726,HLA-C
HLA-C*02:02,2007,0,2220,HLA-C
HLA-C*03:02,799,0,804,HLA-C
HLA-C*03:03,3385,170,2610,HLA-C
HLA-C*03:04,5048,99,6685,HLA-C
HLA-C*04:01,2612,519,2438,HLA-C
HLA-C*04:03,659,0,676,HLA-C
HLA-C*05:01,4530,223,7544,HLA-C
HLA-C*06:02,2807,311,2763,HLA-C
HLA-C*07:01,891,463,3035,HLA-C
HLA-C*07:02,1044,183,1871,HLA-C
HLA-C*07:04,462,0,995,HLA-C
HLA-C*08:01,1414,29,1434,HLA-C
HLA-C*08:02,3347,152,3443,HLA-C
HLA-C*12:02,1378,17,7076,HLA-C
HLA-C*12:03,2604,175,4309,HLA-C
HLA-C*12:04,228,0,52,HLA-C
HLA-C*14:02,2657,234,3887,HLA-C
HLA-C*14:03,1871,0,1887,HLA-C
HLA-C*15:02,3594,181,3508,HLA-C
HLA-C*15:05,200,0,101,HLA-C
HLA-C*16:01,4307,0,3577,HLA-C
HLA-C*16:02,228,0,10,HLA-C
HLA-C*17:01,946,0,1003,HLA-C
