allele,n_full,nn_full,n_sub,nn_sub_mean,nn_sub_sd,inflation
HLA-A*02:01,14363,0.03124819032441219,100,0.056074824637730204,0.00425756680407746,0.024826634313318014
HLA-A*02:01,14363,0.03124819032441219,200,0.046756173689163044,0.003446908722445007,0.015507983364750854
HLA-A*02:01,14363,0.03124819032441219,400,0.03807461929724619,0.0023644865610297147,0.006826428972834
HLA-A*02:01,14363,0.03124819032441219,800,0.03528747927495896,0.001298302790631875,0.004039288950546772
HLA-A*02:01,14363,0.03124819032441219,1600,0.033044213675890124,0.0008039950104795464,0.0017960233514779343
HLA-B*15:01,8596,0.06974736910480296,100,0.09097792838141508,0.0056897417689000486,0.021230559276612118
HLA-B*15:01,8596,0.06974736910480296,200,0.07978336382029724,0.0027211356953584682,0.010035994715494281
HLA-B*15:01,8596,0.06974736910480296,400,0.07381579415848218,0.002597975232397744,0.004068425053679214
HLA-B*15:01,8596,0.06974736910480296,800,0.07134672387763438,0.0019754877985281353,0.0015993547728314211
HLA-B*15:01,8596,0.06974736910480296,1600,0.07057366684810598,0.0008570005864202892,0.00082629774330302
HLA-B*40:02,8474,0.008636401278779286,100,0.03434598004955329,0.002916212661512544,0.025709578770774004
HLA-B*40:02,8474,0.008636401278779286,200,0.021606526798450217,0.0016344714328034521,0.01297012551967093
HLA-B*40:02,8474,0.008636401278779286,400,0.014639125026478673,0.0009557777357610655,0.0060027237476993865
HLA-B*40:02,8474,0.008636401278779286,800,0.012014643346611925,0.0004616246347719585,0.003378242067832639
HLA-B*40:02,8474,0.008636401278779286,1600,0.01010575665397975,0.00043508400800572675,0.001469355375200463
HLA-A*03:01,7498,0.04218639010384486,100,0.06412848637980165,0.005570828316229355,0.021942096275956786
HLA-A*03:01,7498,0.04218639010384486,200,0.05636534876959689,0.004452943309906735,0.014178958665752028
HLA-A*03:01,7498,0.04218639010384486,400,0.0489247993276844,0.0013002613912514165,0.006738409223839538
HLA-A*03:01,7498,0.04218639010384486,800,0.04650773671015537,0.0018073153485718395,0.004321346606310512
HLA-A*03:01,7498,0.04218639010384486,1600,0.04395055123589007,0.0009536680935866387,0.0017641611320452083
HLA-B*07:02,6747,0.02613922188955669,100,0.051485154923759505,0.0042507042855711025,0.025345933034202815
HLA-B*07:02,6747,0.02613922188955669,200,0.03854510832054906,0.0024075756653937877,0.012405886430992372
HLA-B*07:02,6747,0.02613922188955669,400,0.03311252984800736,0.001960831473022358,0.006973307958450671
HLA-B*07:02,6747,0.02613922188955669,800,0.02923947595021521,0.0012829811759064327,0.00310025406065852
HLA-B*07:02,6747,0.02613922188955669,1600,0.027543315271971784,0.0009490701204884905,0.0014040933824150947
HLA-B*40:01,6524,0.008636401278779286,100,0.0366566359529051,0.005229803082001255,0.028020234674125816
HLA-B*40:01,6524,0.008636401278779286,200,0.02123887043034568,0.0015633703486069284,0.012602469151566393
HLA-B*40:01,6524,0.008636401278779286,400,0.01607599715397524,0.0008893962038836668,0.007439595875195954
HLA-B*40:01,6524,0.008636401278779286,800,0.011669744112022287,0.0006709687180451828,0.0030333428332430003
HLA-B*40:01,6524,0.008636401278779286,1600,0.009896913755245821,0.00040337219066005885,0.0012605124764665347
HLA-B*57:01,5758,0.0244367310298369,100,0.04992232988112964,0.004613985599509038,0.025485598851292743
HLA-B*57:01,5758,0.0244367310298369,200,0.037949267398750694,0.0024820271247532255,0.013512536368913794
HLA-B*57:01,5758,0.0244367310298369,400,0.03002918679514218,0.0024036539451492995,0.005592455765305281
HLA-B*57:01,5758,0.0244367310298369,800,0.028465548851003865,0.0016720646344378313,0.004028817821166965
HLA-B*57:01,5758,0.0244367310298369,1600,0.025798982853244105,0.0008926223984223959,0.0013622518234072054
HLA-A*24:02,5443,0.01259871316216827,100,0.038782754627322294,0.0033072503049167055,0.026184041465154025
HLA-A*24:02,5443,0.01259871316216827,200,0.02646074782106892,0.0015409654954050434,0.013862034658900652
HLA-A*24:02,5443,0.01259871316216827,400,0.020040423518593607,0.0015518780088950356,0.007441710356425338
HLA-A*24:02,5443,0.01259871316216827,800,0.015950173142364854,0.0008226219001536242,0.0033514599801965847
HLA-A*24:02,5443,0.01259871316216827,1600,0.013889371048797172,0.0005235735155436462,0.0012906578866289029
