scope,allele,feature,auroc,n
pooled,ALL,pae_pep_mhc,0.6388031550068588,216
pooled,ALL,pae_anchor2,0.6194272976680384,216
pooled,ALL,pae_anchorC,0.6566358024691358,216
pooled,ALL,pae_anchors,0.6569787379972565,216
pooled,ALL,pae_anchors_ic,0.6590363511659808,216
per_allele,HLA-A*29:02,pae_pep_mhc,0.6111111111111112,24
per_allele,HLA-A*29:02,pae_anchor2,0.4652777777777778,24
per_allele,HLA-A*29:02,pae_anchorC,0.6319444444444444,24
per_allele,HLA-A*29:02,pae_anchors,0.6111111111111112,24
per_allele,HLA-A*29:02,pae_anchors_ic,0.798611111111111,24
per_allele,HLA-B*08:01,pae_pep_mhc,0.875,24
per_allele,HLA-B*08:01,pae_anchor2,0.7291666666666666,24
per_allele,HLA-B*08:01,pae_anchorC,0.8680555555555556,24
per_allele,HLA-B*08:01,pae_anchors,0.8055555555555556,24
per_allele,HLA-B*08:01,pae_anchors_ic,0.9236111111111112,24
per_allele,HLA-B*15:03,pae_pep_mhc,0.6944444444444445,24
per_allele,HLA-B*15:03,pae_anchor2,0.47222222222222227,24
per_allele,HLA-B*15:03,pae_anchorC,0.8541666666666665,24
per_allele,HLA-B*15:03,pae_anchors,0.7916666666666666,24
per_allele,HLA-B*15:03,pae_anchors_ic,0.7916666666666666,24
per_allele,HLA-B*15:18,pae_pep_mhc,0.4652777777777778,24
per_allele,HLA-B*15:18,pae_anchor2,0.6805555555555556,24
per_allele,HLA-B*15:18,pae_anchorC,0.8541666666666666,24
per_allele,HLA-B*15:18,pae_anchors,0.8541666666666667,24
per_allele,HLA-B*15:18,pae_anchors_ic,0.8541666666666667,24
per_allele,HLA-B*37:01,pae_pep_mhc,0.6458333333333334,24
per_allele,HLA-B*37:01,pae_anchor2,0.5069444444444444,24
per_allele,HLA-B*37:01,pae_anchorC,0.4930555555555556,24
per_allele,HLA-B*37:01,pae_anchors,0.5347222222222222,24
per_allele,HLA-B*37:01,pae_anchors_ic,0.6527777777777778,24
per_allele,HLA-B*39:06,pae_pep_mhc,0.6597222222222223,24
per_allele,HLA-B*39:06,pae_anchor2,0.7708333333333334,24
per_allele,HLA-B*39:06,pae_anchorC,0.7430555555555556,24
per_allele,HLA-B*39:06,pae_anchors,0.8541666666666666,24
per_allele,HLA-B*39:06,pae_anchors_ic,0.7638888888888888,24
per_allele,HLA-B*47:01,pae_pep_mhc,0.4305555555555556,24
per_allele,HLA-B*47:01,pae_anchor2,0.9583333333333334,24
per_allele,HLA-B*47:01,pae_anchorC,0.3680555555555555,24
per_allele,HLA-B*47:01,pae_anchors,0.7777777777777778,24
per_allele,HLA-B*47:01,pae_anchors_ic,0.7777777777777778,24
per_allele,HLA-B*73:01,pae_pep_mhc,0.6736111111111112,24
per_allele,HLA-B*73:01,pae_anchor2,0.7916666666666667,24
per_allele,HLA-B*73:01,pae_anchorC,0.8472222222222222,24
per_allele,HLA-B*73:01,pae_anchors,0.8958333333333334,24
per_allele,HLA-B*73:01,pae_anchors_ic,0.8611111111111112,24
per_allele,HLA-C*08:01,pae_pep_mhc,0.7291666666666666,24
per_allele,HLA-C*08:01,pae_anchor2,0.6875,24
per_allele,HLA-C*08:01,pae_anchorC,0.8680555555555556,24
per_allele,HLA-C*08:01,pae_anchors,0.8333333333333334,24
per_allele,HLA-C*08:01,pae_anchors_ic,0.8333333333333334,24
