NA,hla-a,hla_a_29_02,SLLERLLTY,NA
NA,hla-a,hla_a_29_02,LVNSFQLLY,NA
NA,hla-a,hla_a_29_02,TFMDHVLRY,NA
NA,hla-a,hla_a_29_02,SFLSIGARY,NA
NA,hla-a,hla_a_29_02,GFAALQLEY,NA
NA,hla-a,hla_a_29_02,ILLDEALKY,NA
NA,hla-a,hla_a_29_02,TVTEVLLKY,NA
NA,hla-a,hla_a_29_02,YVYPLQLKY,NA
NA,hla-a,hla_a_29_02,TALSHPLLY,NA
NA,hla-a,hla_a_29_02,MTLDQSLRY,NA
NA,hla-a,hla_a_29_02,TLTKIALRY,NA
NA,hla-a,hla_a_29_02,FILSLILEY,NA
NA,hla-b,hla_b_08_01,ELLRKVESL,NA
NA,hla-b,hla_b_08_01,DIKKRLSQL,NA
NA,hla-b,hla_b_08_01,QAKLKAQAL,NA
NA,hla-b,hla_b_08_01,LGRLRELSL,NA
NA,hla-b,hla_b_08_01,LLKSKLLVL,NA
NA,hla-b,hla_b_08_01,EIKKKIKSI,NA
NA,hla-b,hla_b_08_01,TVRQKIASL,NA
NA,hla-b,hla_b_08_01,EEKQRKAAL,NA
NA,hla-b,hla_b_08_01,EAKEKLASL,NA
NA,hla-b,hla_b_08_01,ELKLKEIQL,NA
NA,hla-b,hla_b_08_01,DLKEKVSLL,NA
NA,hla-b,hla_b_08_01,ELRERVWAL,NA
NA,hla-b,hla_b_15_03,GKYLELLGY,NA
NA,hla-b,hla_b_15_03,AQAAPSSSF,NA
NA,hla-b,hla_b_15_03,KKLSSAVVF,NA
NA,hla-b,hla_b_15_03,SKAPAPVTY,NA
NA,hla-b,hla_b_15_03,KQFPEVIKY,NA
NA,hla-b,hla_b_15_03,KKRPPLQEY,NA
NA,hla-b,hla_b_15_03,GQYPTQPTY,NA
NA,hla-b,hla_b_15_03,SQLPPLTAF,NA
NA,hla-b,hla_b_15_03,GKFILSIAY,NA
NA,hla-b,hla_b_15_03,AKIQKAVEY,NA
NA,hla-b,hla_b_15_03,SKLGPGEKY,NA
NA,hla-b,hla_b_15_03,QKYPTKVSF,NA
NA,hla-b,hla_b_15_18,DHGPPRLSY,NA
NA,hla-b,hla_b_15_18,AHIKVGETY,NA
NA,hla-b,hla_b_15_18,SHHPPVSAF,NA
NA,hla-b,hla_b_15_18,HHHPQPATY,NA
NA,hla-b,hla_b_15_18,SHQGQQQSY,NA
NA,hla-b,hla_b_15_18,EHLKHQTVY,NA
NA,hla-b,hla_b_15_18,SHSIARISF,NA
NA,hla-b,hla_b_15_18,EHHPGTTSF,NA
NA,hla-b,hla_b_15_18,LHITPGTAY,NA
NA,hla-b,hla_b_15_18,YHIGIPLTY,NA
NA,hla-b,hla_b_15_18,QHSPQQIAY,NA
NA,hla-b,hla_b_15_18,VHAGVPASY,NA
NA,hla-b,hla_b_37_01,ADLERVLGL,NA
NA,hla-b,hla_b_37_01,KELQRSVEF,NA
NA,hla-b,hla_b_37_01,AELQRKESL,NA
NA,hla-b,hla_b_37_01,TELERKLTF,NA
NA,hla-b,hla_b_37_01,KELVRQLQL,NA
NA,hla-b,hla_b_37_01,KDLLRLSHL,NA
NA,hla-b,hla_b_37_01,SELIRNVTL,NA
NA,hla-b,hla_b_37_01,RDLERSRTV,NA
NA,hla-b,hla_b_37_01,SDLQRTQLL,NA
NA,hla-b,hla_b_37_01,ADLARHAQV,NA
NA,hla-b,hla_b_37_01,RELERVRQL,NA
NA,hla-b,hla_b_37_01,QDLERASQL,NA
NA,hla-b,hla_b_39_06,SHVVSLVSA,NA
NA,hla-b,hla_b_39_06,QRADFVLAA,NA
NA,hla-b,hla_b_39_06,EHFDASHVA,NA
NA,hla-b,hla_b_39_06,THAPATLEA,NA
NA,hla-b,hla_b_39_06,GHSEVLPAA,NA
NA,hla-b,hla_b_39_06,NHSAGVVEA,NA
NA,hla-b,hla_b_39_06,THLSLVDSA,NA
NA,hla-b,hla_b_39_06,DHFASVHSV,NA
NA,hla-b,hla_b_39_06,SHPAVPITA,NA
NA,hla-b,hla_b_39_06,THHTGLLSV,NA
NA,hla-b,hla_b_39_06,SRFPSFLKA,NA
NA,hla-b,hla_b_39_06,SHNGRILAA,NA
NA,hla-b,hla_b_47_01,RDLLILQQL,NA
NA,hla-b,hla_b_47_01,ADKETIESL,NA
NA,hla-b,hla_b_47_01,KDFSFVSVL,NA
NA,hla-b,hla_b_47_01,RDIELTLRL,NA
NA,hla-b,hla_b_47_01,KDLELRRSF,NA
NA,hla-b,hla_b_47_01,GDLDTVKRL,NA
NA,hla-b,hla_b_47_01,RDRISPEGL,NA
NA,hla-b,hla_b_47_01,SDYEILERF,NA
NA,hla-b,hla_b_47_01,RDFLDSLGF,NA
NA,hla-b,hla_b_47_01,KDKDIKHAL,NA
NA,hla-b,hla_b_47_01,GDFLVRDSL,NA
NA,hla-b,hla_b_47_01,RDLEIIRAY,NA
NA,hla-b,hla_b_73_01,NRLKNEKEP,NA
NA,hla-b,hla_b_73_01,SRVLEQVSA,NA
NA,hla-b,hla_b_73_01,NRFSALQQA,NA
NA,hla-b,hla_b_73_01,NRYLQSVRP,NA
NA,hla-b,hla_b_73_01,NRFPEVPEA,NA
NA,hla-b,hla_b_73_01,VRQKEEVSP,NA
NA,hla-b,hla_b_73_01,NRHLAEHSP,NA
NA,hla-b,hla_b_73_01,TRLKGTVLP,NA
NA,hla-b,hla_b_73_01,NRNPPEQLP,NA
NA,hla-b,hla_b_73_01,NRLKVGLQV,NA
NA,hla-b,hla_b_73_01,NRYREVPPP,NA
NA,hla-b,hla_b_73_01,VRLKSTPRP,NA
NA,hla-c,hla_c_08_01,TADDPSLSL,NA
NA,hla-c,hla_c_08_01,AALPVYQEL,NA
NA,hla-c,hla_c_08_01,NAVGDGIVL,NA
NA,hla-c,hla_c_08_01,SAAEPPTAL,NA
NA,hla-c,hla_c_08_01,VVADLFHSL,NA
NA,hla-c,hla_c_08_01,FAVATPEEL,NA
NA,hla-c,hla_c_08_01,KADNVGSAL,NA
NA,hla-c,hla_c_08_01,AADEVLAVL,NA
NA,hla-c,hla_c_08_01,SASPPGPTL,NA
NA,hla-c,hla_c_08_01,AAASAFTSL,NA
NA,hla-c,hla_c_08_01,FAEEPGLVL,NA
NA,hla-c,hla_c_08_01,IADPDQPVL,NA
hard,hla-a,hla_a_29_02,RLDHPFFVK,NA
hard,hla-a,hla_a_29_02,EVVSLETRY,NA
hard,hla-a,hla_a_29_02,WFHYTLVAF,NA
hard,hla-a,hla_a_29_02,MTNGFHMTW,NA
hard,hla-a,hla_a_29_02,TTKQQDHFF,NA
hard,hla-a,hla_a_29_02,ATVPCLAEK,NA
hard,hla-a,hla_a_29_02,YLPYRDYNY,NA
hard,hla-a,hla_a_29_02,SVEEFQVFK,NA
hard,hla-a,hla_a_29_02,QLAFIEELF,NA
hard,hla-a,hla_a_29_02,IFQNIKQEY,NA
hard,hla-a,hla_a_29_02,GVLVHVQKW,NA
hard,hla-a,hla_a_29_02,LTHWEQLDY,NA
hard,hla-b,hla_b_08_01,VPKSGTPQL,NA
hard,hla-b,hla_b_08_01,RLMNDMTAV,NA
hard,hla-b,hla_b_08_01,TADQTEKHF,NA
hard,hla-b,hla_b_08_01,YIFEEPFTI,NA
hard,hla-b,hla_b_08_01,IIATVDTRL,NA
hard,hla-b,hla_b_08_01,LAHAIRLLL,NA
hard,hla-b,hla_b_08_01,APGPPSVVV,NA
hard,hla-b,hla_b_08_01,SLRQYQSIL,NA
hard,hla-b,hla_b_08_01,FISKKEWYV,NA
hard,hla-b,hla_b_08_01,KLCDIIVHI,NA
hard,hla-b,hla_b_08_01,QALPWVRYI,NA
hard,hla-b,hla_b_08_01,FPVGDVNNF,NA
hard,hla-b,hla_b_15_03,TADQTEKHF,NA
hard,hla-b,hla_b_15_03,IHSFIGDGL,NA
hard,hla-b,hla_b_15_03,AQNLHNSYY,NA
hard,hla-b,hla_b_15_03,NKAAVVLCM,NA
hard,hla-b,hla_b_15_03,VALGNMYEL,NA
hard,hla-b,hla_b_15_03,EHYEYRHVM,NA
hard,hla-b,hla_b_15_03,TQEDVKVML,NA
hard,hla-b,hla_b_15_03,EAMNPIRTY,NA
hard,hla-b,hla_b_15_03,FQMPTPIQM,NA
hard,hla-b,hla_b_15_03,HQQYKTAEF,NA
hard,hla-b,hla_b_15_03,DHVHPVGAF,NA
hard,hla-b,hla_b_15_03,YAKTILSLM,NA
hard,hla-b,hla_b_15_18,VPKSGTPQL,NA
hard,hla-b,hla_b_15_18,MQNKAVVFF,NA
hard,hla-b,hla_b_15_18,EHYEYRHVM,NA
hard,hla-b,hla_b_15_18,FRFQPFESY,NA
hard,hla-b,hla_b_15_18,IHSFIGDGL,NA
hard,hla-b,hla_b_15_18,QRAVAINRL,NA
hard,hla-b,hla_b_15_18,VQRFEIAKY,NA
hard,hla-b,hla_b_15_18,YPATTPTGM,NA
hard,hla-b,hla_b_15_18,LPVEQGFTF,NA
hard,hla-b,hla_b_15_18,SRGDVKVIM,NA
hard,hla-b,hla_b_15_18,KRLGLLAGF,NA
hard,hla-b,hla_b_15_18,AQENCFQYL,NA
hard,hla-b,hla_b_37_01,SEDPDQQYL,NA
hard,hla-b,hla_b_37_01,HAFDGRPSV,NA
hard,hla-b,hla_b_37_01,ASYERLDVF,NA
hard,hla-b,hla_b_37_01,YDNAIITMM,NA
hard,hla-b,hla_b_37_01,TADQTEKHF,NA
hard,hla-b,hla_b_37_01,VALGNMYEL,NA
hard,hla-b,hla_b_37_01,VSHLLGINV,NA
hard,hla-b,hla_b_37_01,AEILQESRM,NA
hard,hla-b,hla_b_37_01,ISNSHPLSL,NA
hard,hla-b,hla_b_37_01,RDWQSGRAL,NA
hard,hla-b,hla_b_37_01,DEEGLKLTF,NA
hard,hla-b,hla_b_37_01,MAVIDGNVM,NA
hard,hla-b,hla_b_39_06,VPYGVGKAA,NA
hard,hla-b,hla_b_39_06,YQFWIHTEV,NA
hard,hla-b,hla_b_39_06,THQIEAVPT,NA
hard,hla-b,hla_b_39_06,FRSDRMWSC,NA
hard,hla-b,hla_b_39_06,APGPPSVVV,NA
hard,hla-b,hla_b_39_06,KRMQHVICV,NA
hard,hla-b,hla_b_39_06,LQIDNARLA,NA
hard,hla-b,hla_b_39_06,FPFFNPIQT,NA
hard,hla-b,hla_b_39_06,IQTQVILNC,NA
hard,hla-b,hla_b_39_06,HRWAQPDTA,NA
hard,hla-b,hla_b_39_06,FHVGKTPIV,NA
hard,hla-b,hla_b_39_06,KQYVLSSHT,NA
hard,hla-b,hla_b_47_01,SEDPDQQYL,NA
hard,hla-b,hla_b_47_01,TDITKGVQY,NA
hard,hla-b,hla_b_47_01,RNLDWFPRM,NA
hard,hla-b,hla_b_47_01,KCVEVVKTF,NA
hard,hla-b,hla_b_47_01,FEKDFKEVF,NA
hard,hla-b,hla_b_47_01,KEAIREHQM,NA
hard,hla-b,hla_b_47_01,VELLMHNDY,NA
hard,hla-b,hla_b_47_01,VDGNHRLTL,NA
hard,hla-b,hla_b_47_01,ECASINRIY,NA
hard,hla-b,hla_b_47_01,QNISAIEPL,NA
hard,hla-b,hla_b_47_01,LDEVAMGEM,NA
hard,hla-b,hla_b_47_01,ICMDESVSL,NA
hard,hla-b,hla_b_73_01,NRHLFKDKV,NA
hard,hla-b,hla_b_73_01,FYSNKEIFL,NA
hard,hla-b,hla_b_73_01,ASDEANLEA,NA
hard,hla-b,hla_b_73_01,QRAVAINRL,NA
hard,hla-b,hla_b_73_01,RSWAYRDSL,NA
hard,hla-b,hla_b_73_01,HSMSQPIMV,NA
hard,hla-b,hla_b_73_01,TYLPAGQSV,NA
hard,hla-b,hla_b_73_01,ERFRSLTTA,NA
hard,hla-b,hla_b_73_01,LWDLQDRVL,NA
hard,hla-b,hla_b_73_01,WRYPGSLIP,NA
hard,hla-b,hla_b_73_01,DRQGFVPAA,NA
hard,hla-b,hla_b_73_01,VSTPISPQL,NA
hard,hla-c,hla_c_08_01,AVKDGILLA,NA
hard,hla-c,hla_c_08_01,SAMVRVISV,NA
hard,hla-c,hla_c_08_01,KSREEDPTL,NA
hard,hla-c,hla_c_08_01,RIPKQSHRI,NA
hard,hla-c,hla_c_08_01,IADIKMVQI,NA
hard,hla-c,hla_c_08_01,RVSINKDEL,NA
hard,hla-c,hla_c_08_01,FIISDAANL,NA
hard,hla-c,hla_c_08_01,MAWRALHPL,NA
hard,hla-c,hla_c_08_01,HVASVPTAV,NA
hard,hla-c,hla_c_08_01,FSEPFHLIV,NA
hard,hla-c,hla_c_08_01,EVYPHVSTI,NA
hard,hla-c,hla_c_08_01,VINGNIKTV,NA
