allele,auroc,Africa,Americas,East & Southeast Asia,Europe,North Africa & West Asia,Oceania,South & Central Asia,global_freq,elsewhere,europe_enrichment
HLA-A*02:01,0.9576443068946644,0.10689760200429492,0.19675774434021323,0.12736307570748343,0.28339500583203087,0.10974054149103715,0.07924010109519798,0.05116318936877076,0.1363653228341469,0.11186037566783291,1.340335087466286
HLA-B*40:02,0.982829017986259,0.005182754182754183,0.02034860704675187,0.04386604395833769,0.01655872245140946,0.005096450178026709,0.12942375737152487,0.0032199539965497414,0.03195661274076493,0.03452292778899084,-1.055449961820138
HLA-B*40:01,0.9717179764479692,0.004610632183908047,0.04066177458022344,0.0987774648753974,0.05069709887683449,0.013803313786573821,0.0740480202190396,0.018007909914858556,0.04294374491954791,0.04165151926000015,0.28291740864567394
HLA-A*03:01,0.9723483054593552,0.05127431532198371,0.09876140363057685,0.010006485179508215,0.1501479975052765,0.026316788995037158,0.024660071942446044,0.06559578241073569,0.06096612071222345,0.04610247458004795,1.7013037341217754
HLA-B*15:01,0.96173811877733,0.009415155440414508,0.03997161758248662,0.05799241253975466,0.0732669399238811,0.013560180660068706,0.013448959365708623,0.019121992136304063,0.032396751092659756,0.02558505295412286,1.5142010647134774
HLA-B*57:01,0.9665400464728622,0.00998691415313225,0.025961139774794827,0.004352214774376339,0.03484456689582582,0.02410615361069306,0.004268092105263158,0.07994710606480199,0.02620945533984106,0.024770270080510273,0.4906459913020593
HLA-B*07:02,0.973033510396714,0.04537529234251225,0.0868709689062462,0.029957432855139687,0.12680390178277592,0.03343549247689917,0.02474640287769784,0.042266157760814244,0.05563652128601219,0.043775291203218235,1.5322558210861972
HLA-A*68:01,0.983519586296329,0.023919009468317553,0.03563284784730916,0.002786421732664064,0.03573691733208752,0.010255829349025377,0.01324390243902439,0.06015758087201125,0.025961787005777042,0.024332598618058632,0.5526392282060225
HLA-B*27:05,0.9926521962666104,0.008245540398740819,0.023624699785513226,0.0024493633263460877,0.03638361982604462,0.004507129173225085,0.013264540337711067,0.005476696647587899,0.013421655642166973,0.009594661611520696,1.9119864300921094
HLA-A*24:02,0.9773890368207884,0.022362014068863383,0.09912061429983429,0.25114796994407207,0.09139494925484284,0.057044463219153616,0.3623319292333614,0.14448024038461538,0.14684031148639187,0.15608120519165,-0.7714568399443075
HLA-B*44:02,0.9764768122679052,0.007088079859072225,0.055551972930185774,0.0036558045530260966,0.07944102765529429,0.01756584321442044,0.019860151642796964,0.004009886594940389,0.026738966635676598,0.017955289799073647,2.1392776249548624
HLA-C*05:01,0.970250431300403,0.013773015873015873,0.05984089434425104,0.0033779040337463756,0.06992478463481265,0.02977587548638132,0.03460690789473684,0.006419010561423013,0.03110262754690959,0.02463226803225908,1.5014710954287651
HLA-B*08:01,0.9643345809939696,0.038083588281047444,0.0684446111795953,0.002719380664312861,0.10137671109277996,0.03599879356841195,0.05222368421052631,0.027847322606172512,0.04667058451469234,0.03755289675167773,1.4303159016678963
HLA-C*03:04,0.9556314144974593,0.04442464892830746,0.06722363288482266,0.11862099262924328,0.08083559693163016,0.008634469696969698,0.0648803706823926,0.01888956310679612,0.057644182122880284,0.05377894632142197,0.5870527283224645
HLA-A*11:01,0.9654335844655904,0.018019786910197868,0.07025281435396831,0.18757232432885554,0.05301022578041261,0.05163378609281994,0.2136583407671722,0.1393653608247423,0.10478751986545266,0.113417068879626,-1.095847675519219
HLA-B*44:03,0.9792313782812596,0.039790406976744186,0.049522053290076556,0.04075650905839525,0.041067454590913446,0.06294765085214188,0.0127025,0.05852159182575962,0.04361545237057585,0.04404011866718625,-0.10058625949984967
HLA-C*16:01,0.9409614083527128,0.07773317519484921,0.04214853171754182,0.0007417364477743498,0.022104773417200407,0.024340646029609687,0.008246153846153847,0.010288780487804877,0.026514828162990604,0.027249837287288966,-0.3006624002245333
HLA-B*47:01,0.9925012642818078,0.007671912418747862,0.0019381583918327975,0.0001964304352364054,0.0032038637792501964,0.001916672326611828,0.002467441860465116,0.0003673121611154144,0.0025373987676085173,0.0024263212656682374,0.3871160900518777
HLA-B*57:03,0.9499900454576152,0.026764464692482913,0.007563410261612314,0.00038649155722326453,0.0007158122633320615,0.0018422140867717575,0.0,0.0,0.005324627551631759,0.0060927634330150415,-2.9242742362879266
HLA-B*38:01,0.983761608628954,0.009743369175627238,0.014338410514818021,0.002550456040495463,0.021804315380954387,0.08656189629070817,0.008621013133208255,0.003445516201959307,0.021009282391110124,0.020876776892802745,0.062422100852185046
HLA-C*08:02,0.97297942875342,0.03507070600632244,0.03357937434592929,0.0008142324078154841,0.023177798605383517,0.04032145161290323,0.007661439114391144,0.0042460172368764685,0.020695859904231655,0.020282203454039676,0.19164460318321938
HLA-B*35:03,0.9647182764214776,0.004676761026991441,0.016909729009725916,0.008739325673384818,0.022095333676445363,0.002852324804051102,0.008487804878048781,0.06563021806853582,0.018484499591026177,0.01788269391012298,0.30364723678151984
HLA-A*01:01,0.9799214915804294,0.05491078965282505,0.10959501191337699,0.01199142045093007,0.15275213847217645,0.13476740794768868,0.06674342105263158,0.12892014860139858,0.0942400482987182,0.08448803326980849,0.8536112525539852
HLA-B*13:02,0.96562123638892,0.017520571271628673,0.018366728659212215,0.020646408009482687,0.034179364806592734,0.04462776828478304,0.0032984615384615387,0.015042379385964913,0.02195452599373226,0.01991705285825551,0.7761107971143967
HLA-A*02:05,0.9405623070987654,0.03247404027690371,0.011060326651184282,0.0009838235294117649,0.007097048141880196,0.010435566142639992,0.007132558139534884,0.005562074708541518,0.01067791965572805,0.011274731574702691,-0.6603552865897674
HLA-B*18:01,0.9838210739323704,0.03702816013161502,0.03687837390049478,0.004438443439327485,0.048135818431533375,0.05712728911704939,0.008494604316546762,0.01773751008335574,0.029977171345703223,0.02695073016473153,0.8344373088536975
HLA-C*03:03,0.9519085783645668,0.010724876736889287,0.0408605288553935,0.08970638009730653,0.05675370374706411,0.0162309591642925,0.07352485256950295,0.018548558973116976,0.043764265734795124,0.04159935939941695,0.4472291162262993
HLA-A*34:02,0.9739939322081184,0.026979578351164255,0.006807978387141449,0.0,0.0004107113373789454,0.0016656028303451327,0.0,0.0,0.0051234101294328266,0.005908859928108474,-3.5565113005714424
HLA-C*15:02,0.952583120076522,0.013684975233902037,0.029840809930185903,0.029967579204101445,0.02295947371739574,0.044784628237259816,0.09612889637742207,0.09707650727650728,0.0477775528538249,0.05191389937656309,-1.173537610938153
HLA-B*49:01,0.9926509877104416,0.03313388324873097,0.017666294993035198,0.0007056737282650904,0.013200904089370831,0.03579664822086139,0.0032984615384615387,0.00793693096171239,0.0159626852543482,0.016422982115177762,-0.31294978003288737
HLA-C*04:01,0.9641434652152676,0.1404984097633136,0.13400907715358845,0.04788902009736612,0.1152320441515976,0.15236303630363035,0.15932687447346253,0.11115870288248338,0.12292530926077742,0.12420752011230742,-0.10812016557873333
HLA-B*51:01,0.977680581369844,0.02765868865647627,0.049263134066866894,0.06442036156867853,0.05741348371415968,0.03435854872551472,0.007957099080694585,0.07855424757281554,0.04566079476931517,0.043702013278507756,0.39290304532515746
HLA-C*14:02,0.9779670742345856,0.009264016272189349,0.01911654279855162,0.05331076161866054,0.01351845573557946,0.018146248600223965,0.004123076923076924,0.05298318978318978,0.024351755961638803,0.026157305999315362,-0.9471557849932505
HLA-B*13:01,0.9725891501979376,0.007157575757575757,0.005288924866419803,0.043054043396576994,0.00031848408512917363,0.00026500964812712827,0.15040438079191237,0.021766816143497757,0.03260789066989129,0.037989458434018304,-6.508075206804053
HLA-B*14:02,0.9484393551831576,0.022164033983637504,0.025182534525941623,0.0005353351748631184,0.018514595658739856,0.05562050425551387,0.0058697674418604654,0.003322016192217289,0.018744112461824815,0.018782365262338976,-0.02060521368085985
HLA-A*02:07,0.9493428131395176,0.0,0.005993773083296632,0.058334214318731814,0.0002376406906937813,6.292807239745056e-05,0.0032984615384615387,0.0038756544502617806,0.010257524593406142,0.011927505243858202,-5.154704837594881
HLA-A*02:06,0.9437297527706736,0.0020307579102281093,0.013509091383453391,0.06195367257948436,0.0019321900361668777,0.0007500901375114799,0.026152626362735378,0.02442065685164213,0.018678440751603104,0.021469482537509143,-3.4078843416919447
HLA-B*58:01,0.9591138267684616,0.053189795918367345,0.02223779589204647,0.04669324511526931,0.008055051705232286,0.019322121742314815,0.015236397748592872,0.0495292007385914,0.030609086980059215,0.034368092859197036,-2.0794955465531384
HLA-B*42:01,0.9650512295081968,0.053329149115417016,0.010302194089683577,0.00015618938383568952,0.0002027680965072051,0.001997956724951429,0.0,0.022,0.012569751058627846,0.014630914885647953,-5.60449003102261
HLA-B*15:03,0.982446402378991,0.06225358716173694,0.013791653747975072,0.000724424139396515,0.0012431982570295706,0.003525282647455915,0.0016492307692307694,0.00048238482384823847,0.011952823078096144,0.013737760548273907,-3.3648663130418313
HLA-A*02:02,0.956986920795449,0.04332010698552549,0.008913820018953874,0.005556488260540268,0.0006127898673429105,0.050987736780056234,0.0,0.007670406732117813,0.01672304980636237,0.019408093129532282,-4.7744521261591215
HLA-C*06:02,0.9216768181621334,0.14555588914549653,0.08359943614392719,0.024336915459834137,0.10071962932871399,0.15401974431818183,0.03219572368421053,0.14559981056121243,0.09800387837736808,0.09755125321881043,0.04606609094851739
HLA-C*12:03,0.9308452366742264,0.0235616471538151,0.038334704509755915,0.009357344987568246,0.057817976738994664,0.0554965283657917,0.02778144853875476,0.04263126538650911,0.03642584509731278,0.032860489823699136,0.8132735228507676
HLA-B*38:02,0.9836740342159804,0.0,0.005535931132138921,0.02334290354500086,8.140374661580426e-05,8.926989855637925e-06,0.0,0.007706527415143603,0.0052393846898221175,0.006099048180356503,-5.094770559030678
HLA-A*02:03,0.9533162832416184,0.0033774834437086095,0.005513918364448846,0.03384101159248604,6.804139834095142e-05,1.192721563097005e-05,0.0,0.010894954236094814,0.0076724766072443175,0.00893988247539488,-5.7494154153951005
HLA-A*30:01,0.9359256394140112,0.0611064043915828,0.025012330451014905,0.01948401487774467,0.014565358019754867,0.03003103292118252,0.005895348837209302,0.01729859474161378,0.024770440605728975,0.026471287703391324,-0.8574558542313577
HLA-C*14:03,0.9810613997479152,0.009510853710853712,0.0023593687344626636,0.03778289366261864,0.00021338396145901964,0.0015388429752066115,0.0,0.0035658967391304346,0.007853034254818725,0.00912630930371201,-4.879750406513873
HLA-A*31:01,0.9761402507686656,0.006773856209150326,0.028822973460655762,0.04831454762758457,0.023628985321100415,0.008214171784483157,0.005,0.03226026200873362,0.02185925663024398,0.02156430184843457,0.13133066532294163
HLA-A*23:01,0.9729953815560204,0.09806373626373627,0.034925405667597845,0.0023577337546588886,0.021370384178124677,0.03568143830246505,0.007833846153846153,0.004983657587548638,0.02931660027256822,0.03064096962164214,-0.5178146646191144
HLA-A*33:03,0.9802330706440296,0.02625814419225634,0.03011303536894344,0.08468226329719115,0.0037644802040603526,0.0003206671649280338,0.0016492307692307694,0.10473828962371722,0.03593230151718962,0.04129360506937783,-3.421061620736081
HLA-A*25:01,0.98500228859982,0.002031456953642384,0.011886993965438021,0.00013272460559092165,0.02493130460496102,0.01383913514938952,0.0038166501486620414,0.00044600715137067934,0.008154896082722083,0.0053588279956822615,2.1970703402377816
HLA-A*26:01,0.9711595752807274,0.01491283082077052,0.02852164697251905,0.0455006376943622,0.03215099711727671,0.07663506714996997,0.011103072348860257,0.038884390779363336,0.03538694898330315,0.03592627429430756,-0.15970569560918074
HLA-B*45:01,0.9862875462212426,0.05433799504950495,0.014247504796351364,0.0009308635137738393,0.0043919836951978415,0.003760968643594044,0.002467441860465116,0.0004,0.01150525107984102,0.012690795643948217,-1.5096814127799925
HLA-A*11:02,0.975051513429018,0.0,0.0015962586182266974,0.017034554472676645,8.84246836656576e-05,2.234852871860481e-05,0.0,0.0005787037037037037,0.002760041429570187,0.003205310887220942,-4.1327260977659135
HLA-C*02:02,0.9282197040996876,0.0628437664618086,0.04374214693295537,0.0017792283574290192,0.05626094612500935,0.03763290870488323,0.0015835777126099707,0.005795995145631068,0.0299483670629038,0.025562937219219543,1.1350095284888753
HLA-B*44:05,0.957957108452158,0.0012686192468619247,0.0016243556041177036,0.0,0.00503507925468678,0.0018613099973373204,0.0016492307692307694,0.0,0.0016340849817477853,0.0010672526029246196,2.1372697375015846
HLA-A*30:02,0.9654542819881178,0.06390588420390182,0.020560869861106813,0.0005659942196531792,0.005337368200442733,0.022754297915327397,0.004648837209302326,0.003664873335074432,0.0173483035635441,0.019350126124060996,-1.8387990793230464
HLA-B*39:01,0.9823386790060852,0.0048165569143932266,0.00974409432030505,0.02625345564847387,0.013692010172091186,0.004521833121032519,0.040132266217354676,0.007400763134722629,0.015222997075481878,0.01547816155938033,-0.17569224170430756
HLA-B*46:01,0.9531049162880182,0.0,0.00918314500585571,0.09253894113764798,0.0002470272736336577,0.0005184967524788501,0.0,0.0,0.014641087167088026,0.017040097149330424,-5.626182424558423
HLA-A*33:01,0.9847137840700072,0.0146697912852435,0.011647686176352572,0.005689487287177333,0.0072188866575628565,0.033584956067744816,0.0,0.005987026272959777,0.011256833392434409,0.011929824514912998,-0.7169194885069436
HLA-B*27:09,0.9773769534825044,0.0,4.077259824350496e-05,0.0,0.00019987456951267013,7.195330438811758e-05,0.0,0.0,4.465721030632752e-05,1.8787650438603756e-05,1.3359743249142866
HLA-A*74:01,0.99101071948935,0.04719936122644522,0.010941036660897012,0.002407122297752465,0.00010339499717694406,0.0012938584198802325,0.0,0.0014,0.009049253371735982,0.010540229767495822,-5.709101300573323
HLA-A*32:01,0.9591148256854464,0.020867041549515776,0.0275674877160452,0.004177155607382324,0.03590927351062658,0.036235634172654546,0.007755083179297597,0.030237109198006342,0.02324982641907548,0.02113991857048363,0.7615902582039021
HLA-C*01:02,0.9604278602945466,0.008556654767975524,0.045072936400122644,0.17397684118890683,0.0352186744255105,0.01177693661971831,0.19374894692502106,0.03962425729081494,0.07256789251686713,0.07879276219875989,-1.1594617531717417
HLA-A*02:04,0.9590748963340796,0.001368421052631579,0.0006921807708522919,0.0018204562178072113,1.593150472532261e-05,0.00015421469491390939,0.0,0.0007382198952879582,0.0006842034480311818,0.0007955821052488249,-2.9495530255670888
HLA-B*40:06,0.9889654325284308,0.016565130260521043,0.009010486042618846,0.03092056412216983,0.0004588984447181585,0.0015248316573390711,0.0012209302325581397,0.10932767393561788,0.024146930670791853,0.028094936041804134,-5.656706099751108
HLA-A*34:01,0.9803020020359688,0.003826224328593997,0.003341112936419573,0.0038145133436183194,5.743208994100387e-05,0.0011319727891156463,0.19700084245998314,0.0006311360448807854,0.029971890570364642,0.03495763365043524,-7.798855168453685
HLA-B*15:02,0.9483323364379505,0.01125,0.00732186815537596,0.04428852287791749,9.951238799810121e-05,0.00012705250172576893,0.0013125,0.019906954835134386,0.012043772965450244,0.014034483061692268,-6.146596982296789
HLA-B*53:01,0.9820951716505882,0.08818949874686717,0.02508000914422804,0.0002909165154264973,0.0033844893372166037,0.01958492360588367,0.0007190265486725664,0.0015071820175438595,0.0198222922736912,0.022561926096436966,-2.7012513395600535
HLA-B*56:01,0.991272604196886,0.006965309200603318,0.0052677350580743335,0.008511219328679513,0.009099089011726564,0.0033550867665865258,0.1444313395113732,0.0074755041677870395,0.02644361186354721,0.02933436567218399,-1.677938634186861
HLA-A*02:52,0.9360384949299498,0.0,3.836885556754865e-06,0.0,7.416595380667238e-05,0.026381002638522427,0.0,0.0,0.003779857925412265,0.0043974732540131975,-4.690580165294287
HLA-B*27:04,0.9807950785773366,0.0,0.0012558639021509113,0.010843282651239813,2.0173012526603535e-05,0.00018529554761577573,0.04678989098116947,0.0024754482253933406,0.008795707760013703,0.010258296884594885,-6.429530060033181
HLA-A*02:11,0.9565086392424522,0.006462271644162033,0.004404382403066732,0.0026484353077533096,8.25188891782876e-05,0.000270719436801226,0.0,0.06594330011074198,0.01140166111310051,0.013288184817087547,-6.196770783133129
HLA-A*68:02,0.9766782883482849,0.07253085731971526,0.019091159092471072,0.0003807097563688953,0.006883010746704807,0.03517122819388663,0.003086283185840708,0.005349919743178171,0.020356166862595077,0.022601692881910117,-1.700878786242917
HLA-A*66:01,0.9755924170616114,0.033382589142306456,0.005523488861431115,0.00023545173574700587,0.0044449522294012864,0.011476174430027944,0.0,0.0072273972602739725,0.008898579094169681,0.009640850238297747,-1.0997825738785671
HLA-B*35:01,0.9800668017855902,0.04853088761632069,0.059697157178061025,0.04712261852155798,0.05827044110936987,0.04881984517406436,0.015292056074766353,0.04934485981308411,0.04672540935531777,0.04480123739630909,0.37848276724378305
HLA-B*55:01,0.9892067866212784,0.005774468085106383,0.012580092048449157,0.002070727889381685,0.01531523427990434,0.019952788779717963,0.005791744840525329,0.023222081845646798,0.01210101968124738,0.011565317248137886,0.402131272449959
HLA-B*39:06,0.9906320575300132,0.0,0.007035453548331927,0.0002555142151933449,0.005181938825508437,0.0025934543937978474,0.004005946481665015,0.0008333433825746155,0.002843664406724455,0.002453952003593792,1.0483361798248716
HLA-B*35:07,0.9850968805826578,0.0,0.0002781211372064277,0.00024611801242236026,0.0,0.0,0.0,0.0,7.489130708982686e-05,8.7373191604798e-05,-0.9059145543552307
HLA-C*08:01,0.9519528136457835,0.007238548998375745,0.01794181261096236,0.09369598336903112,0.00035537518666072475,0.020735678391959802,0.022307496823379926,0.01964067364123501,0.025987938431657812,0.030260032305823994,-6.058973834350512
HLA-B*81:01,0.9606849747474748,0.025814584578601318,0.003750056689642741,0.000603894820629649,1.9254130410093615e-05,0.00037392222704086907,0.0,0.005,0.005080244635189238,0.005923743052652429,-5.658549091591396
HLA-B*37:01,0.9593847391173216,0.007465155615696888,0.012228118937484836,0.006624938691646599,0.013625679810532783,0.007647044055386252,0.003713953488372093,0.04320239782016348,0.013501041202754705,0.01348026810145836,0.01536564380358168
HLA-B*15:17,0.9538551013625788,0.007105965790571548,0.004893965771971878,0.0017609574251375023,0.003963373354017221,0.025893701136763512,0.0016492307692307694,0.008875434782608696,0.0077346612900430186,0.008363209279380652,-1.058526912761021
HLA-A*29:02,0.9700839607647976,0.05058567062818336,0.03005962202668071,0.0011672716384909484,0.02338054966237905,0.006370215398459029,0.012369230769230768,0.0025076108168385837,0.01806288156289464,0.017176603546313902,0.4426465591706986
HLA-C*12:02,0.9391775306748468,0.011019556714471971,0.01603845414469026,0.0735505895439377,0.008660460637982295,0.03513638720829732,0.029285431119920713,0.07757989974937345,0.03589582558838196,0.04043505308011524,-2.210091396288165
HLA-B*52:01,0.9705781854149808,0.024302927120669057,0.019356756451325917,0.05949550077989411,0.008994443461358935,0.05191917471143488,0.0,0.06975958737864077,0.03340405570047481,0.03747232440699412,-2.046613111577284
HLA-B*40:32,0.9910065754262558,0.0,9.930855326687806e-06,0.0,1.4542065865600335e-05,0.00153677811550152,0.0,0.0,0.00022303586238482973,0.00025778482847136795,-1.6432146834947265
HLA-B*50:01,0.9836909957765928,0.007757629216960694,0.011189066738555953,0.002329383770320457,0.010638938513588814,0.032294613857353764,0.005241584158415842,0.011310206455364931,0.011537346101508637,0.011687080699495275,-0.13435505327154584
HLA-B*35:02,0.9733238424513592,0.006155494756041952,0.00852827430283539,0.0011721830214313888,0.008272731506997977,0.02121268070075139,0.0,0.0005043689320388349,0.006549390460013848,0.006262166952183159,0.39618013145354525
HLA-B*15:10,0.9729511610954908,0.038575204531151666,0.006997985368202582,0.00045830001480823344,0.00010659101106622954,0.0008193456428670073,0.0,0.0005788617886178861,0.006790898336673372,0.007904949557607897,-5.276042923860629
HLA-B*55:02,0.9939645598957076,0.0,0.0024356126546453433,0.02810015587632388,4.870986092429761e-05,6.265844860543029e-05,0.04202923976608187,0.0004,0.01043948237236869,0.012171277790942752,-6.366641356995818
HLA-B*07:04,0.9767527432814244,0.0034678899082568803,0.0001647635023247121,0.0,0.0010255696712934055,0.00010351962614769584,0.0,0.0,0.0006802489582889563,0.0006226955061215481,0.6391955320505125
HLA-A*36:01,0.983598303185932,0.02128605553896686,0.004828013981412436,0.0002189407540394973,7.421123462214287e-05,0.0008038777747081152,0.0,0.0,0.003887299897678436,0.004522814674854485,-4.729861957883228
HLA-C*07:02,0.9655077582213988,0.041657611070648214,0.12430657270396285,0.14965540459987084,0.1386589032363668,0.0741408203125,0.11862847514743048,0.11566826654240447,0.1089594362304548,0.10400952506280281,0.414478274596203
HLA-A*24:07,0.9803305059959052,0.012865234375,0.004331478892638485,0.009050275533916123,0.0001075103162990214,0.006206599892511645,0.003937823834196891,0.018502846389084924,0.007857395604806727,0.009149043152891346,-5.478049154898375
HLA-C*17:01,0.9428939458995276,0.07922756855575869,0.02009389205931967,0.00041713779378867557,0.008979541520198883,0.026827124183006534,0.0,0.0031954820936639116,0.019820106600819478,0.021626867447589574,-1.2587888293021765
HLA-A*03:02,0.9750512295081968,0.004842424242424242,0.002664258966209337,0.0009804796004179302,0.0020884377450070507,0.08018197097642789,0.0,0.0072275622156810285,0.013997876249452494,0.01598278266686007,-2.87754379635014
HLA-C*03:02,0.9594029733033635,0.02293534395120298,0.014907978636334876,0.03979213825569871,0.003670188843793537,0.02780542697525938,0.0030093457943925236,0.05234528615530752,0.02349510123028422,0.026799253294699333,-2.8348574319763835
HLA-B*39:05,0.9869880023785372,0.0,0.0049173161251177405,0.0009969721866466908,5.4953067115123125e-05,8.391778832890476e-05,0.0024418604651162794,0.0,0.0012135742331892483,0.001406677760868269,-3.2814676782486027
HLA-C*07:01,0.940192363742349,0.12399027921406412,0.12311231051536796,0.009591620243851167,0.1471175531736858,0.08382700096432015,0.028389216512215664,0.08571458646616541,0.08596322386995289,0.07577083565266408,0.9563323653634989
HLA-B*15:18,0.9826785334373448,0.004347326049453709,0.003924754969916743,0.01198526349206349,0.0018209239739414406,0.00031699552333339483,0.0016492307692307694,0.02063097587719298,0.006382210093590361,0.007142424446865181,-1.9146723079948975
HLA-B*54:01,0.9834757834757836,0.0012933025404157045,0.0033454091300387694,0.04779571046696183,6.925558424400853e-05,0.00018694465697526142,0.005,0.002265560165975104,0.008565168934944382,0.009981154493394444,-5.896313622073609
HLA-C*04:03,0.944190967400648,0.003650632911392405,0.0034651379600424957,0.02362978002502085,0.0003031165821329149,0.004698487394957983,0.1405770850884583,0.018823820352472997,0.027878294330639704,0.032474157288724166,-6.336386916312816
HLA-B*67:01,0.9752951231237648,0.0006969242310577645,0.0005793066762653956,0.007582210421506804,6.400083577123553e-05,1.2478747737534062e-05,0.0,0.0,0.0012764172731912478,0.0014784866794279167,-3.2667670139012124
HLA-B*18:05,0.9778036428979824,0.0,2.8290016277089887e-05,0.00024611801242236026,5.075425775270851e-05,5.162016485216755e-05,0.0,0.0,5.382606447204661e-05,5.4338032258602955e-05,-0.03389486851575786
HLA-A*02:20,0.9373229862920583,0.0,0.0002835863542214429,0.00048,0.00010191762929664442,7.748713206965634e-05,0.0,0.0015885558583106265,0.00036164956769976715,0.0004049382241002876,-1.3223400173957593
HLA-B*15:11,0.9649679707160832,0.0,0.0009581153993570127,0.011201361994691267,3.796511706001222e-05,0.0001398880095642795,0.0,0.0,0.0017624757886675103,0.0020498942339354266,-3.9618902379405614
HLA-B*58:02,0.9660845806604896,0.06779196964906734,0.007723683754459302,0.0007729831144465291,5.114616921621271e-05,0.00016736352233775683,0.0,0.0,0.010929592315646733,0.012742666673385153,-6.408856572543887
HLA-B*73:01,0.995504174694926,0.003201470588235294,0.0004525993401871707,0.0001647943068203528,0.0006025689037022947,0.0029106045876683144,0.0,0.0005566121842496285,0.001126949987266151,0.0012143468345267934,-0.9036344012331957
HLA-A*69:01,0.9905592841163312,0.004623376623376623,0.001531873826073918,0.0012366643929058662,0.0008241067708072899,0.012663138834635415,0.0,0.0007885678782230507,0.003095389760860309,0.0034739369258691456,-1.9513827187946151
HLA-B*15:13,0.9313385826771652,0.002734072022160665,0.0006102449121345716,0.0033230400795264564,1.3706529512215818e-05,0.002848093841642229,0.0,0.0005336244541484716,0.0014375402627320871,0.001674845884935399,-3.9643067492188413
HLA-A*26:08,0.9772121212121212,0.0013376029277218664,0.0007396041928122485,0.0005599276345545002,0.0008177366258679962,6.523474643076115e-05,0.0,0.0005787037037037037,0.0005855442615844395,0.0005468455342038466,0.5046589453358062
HLA-B*51:08,0.9962520901804764,0.0023039443155452436,0.001118883633310609,0.00017668647454774925,0.0012344098798159526,0.012720810268916223,0.0,0.0011,0.0026649620817336826,0.002903387448719971,-1.1703887247185005
HLA-B*39:24,0.9926875,0.004366214549938348,0.00021925017906862377,0.00023755569700827496,0.00040874774596954655,0.00032647991009465135,0.0,0.0,0.0007940354402970636,0.0008582500560183164,-0.9134516798984283
HLA-C*07:04,0.949607982893799,0.028711841155234657,0.011673012265369551,0.011961520329994106,0.020421236068731773,0.009910096818810513,0.009116776315789474,0.022106634615384615,0.016271588224187814,0.015579980250097153,0.38819389004410604
HLA-B*35:08,0.9927988894672912,0.0029734660033167498,0.003535338707227679,0.000647653502160587,0.005464048295335762,0.07538708253859489,0.0,0.0005603408210689389,0.012652561409672086,0.013850646928728139,-1.3261251777412504
HLA-C*12:04,0.8631578947368421,0.003,0.0006029300405573452,0.0009954208754208754,1.9226680577797462e-05,0.0010022883295194508,0.0,0.004077729257641921,0.0013853707405310559,0.001613061417189932,-3.844797852567489
HLA-C*16:02,0.9322916666666666,0.007109655172413793,0.0048951103798987065,0.0018828187134502922,0.0041059092925393535,0.01990967741935484,0.004123076923076924,0.02390984615384615,0.009419442007797152,0.010305030793673451,-1.3067915933444416
HLA-C*15:05,0.7936117936117936,0.010441123256690539,0.007602502371108991,0.003895748618709344,0.003544921705404727,0.022056470588235295,0.002779069767441861,0.007955034155034155,0.008324981494660702,0.009121658126203365,-1.3391383566912087
HLA-B*48:01,0.9871050934880722,0.0013836150845253578,0.006654349628483759,0.022326092816854676,0.0003385249439773329,0.002579118094128228,0.016401079136690647,0.002779506357516829,0.007494612294596689,0.008687293519699915,-4.324688071870954
HLA-B*41:01,0.9730158730158732,0.019389748743718592,0.005290393201548876,0.0007051016477637492,0.004260089919886672,0.03561855736770015,0.0,0.001825816295392127,0.009584243882287166,0.01047160287602058,-1.277764342335162
HLA-B*18:03,0.9823369565217392,0.003964356435643564,7.713049982990738e-05,0.0028313671061762666,0.0009285436633419133,0.00012971760232337063,0.0,0.0,0.0011330164724735747,0.0011670952739955183,-0.30092196615135186
HLA-B*14:01,0.9521739130434784,0.009768707482993197,0.007807409203695677,0.00023624072202669267,0.005577565020166564,0.0016727440086970096,0.003550126368997473,0.017359953703703704,0.00656753521575433,0.006732530248352293,-0.26714761878379834
