allele,model_auroc,prior_auroc,n,confound_strength,locus
HLA-A*02:01,0.967156519087114,0.1989378902902937,7086,0.30106210970970626,A
HLA-B*40:02,0.9834495753437156,0.2583908782850256,6454,0.2416091217149744,B
HLA-B*40:01,0.9785475092021888,0.2806369117093344,5069,0.2193630882906656,B
HLA-A*03:01,0.9742286372349724,0.1873503895710472,4790,0.3126496104289528,A
HLA-B*15:01,0.9638066339274632,0.1944685347596115,4544,0.3055314652403885,B
HLA-B*57:01,0.9684508245258534,0.2029339906505919,4225,0.2970660093494081,B
HLA-B*07:02,0.9750625785174778,0.1976255455251987,3706,0.30237445447480127,B
HLA-A*68:01,0.9820800553424656,0.189787558549955,3244,0.310212441450045,A
HLA-B*27:05,0.9929393557379906,0.1710478299041875,2848,0.3289521700958125,B
HLA-A*24:02,0.9831182170897312,0.1978602370861051,2722,0.3021397629138949,A
HLA-B*44:02,0.9793790270450612,0.2284286789411084,2678,0.2715713210588916,B
HLA-C*05:01,0.9656182723470036,0.2468445848893996,2655,0.2531554151106004,C
HLA-B*08:01,0.965973695420211,0.1687102298823089,2248,0.3312897701176911,B
HLA-C*03:04,0.9513260521676742,0.3180951635735067,2379,0.1819048364264933,C
HLA-A*11:01,0.9710714716943348,0.2661704297095577,2343,0.23382957029044232,A
HLA-B*44:03,0.9779716095670344,0.2825022376821109,2299,0.2174977623178891,B
HLA-C*16:01,0.9330616050616052,0.2294081804974816,2086,0.2705918195025184,C
HLA-B*47:01,0.9929120598506496,0.068991812915047,1770,0.43100818708495303,B
HLA-B*57:03,0.953795791805094,0.2741946449962767,1927,0.22580535500372328,B
HLA-B*38:01,0.9803212567847844,0.2444972272894764,1881,0.2555027727105236,B
HLA-C*08:02,0.9785250927644588,0.2609392649530264,1871,0.23906073504697362,C
HLA-B*35:03,0.9785179585211308,0.2554332384423305,1716,0.2445667615576695,B
HLA-A*01:01,0.9744968022913644,0.1613148193428254,1621,0.33868518065717457,A
HLA-B*13:02,0.9713916203982428,0.2545254638339144,1558,0.2454745361660856,B
HLA-A*02:05,0.9430472671553868,0.2788869802235482,1552,0.2211130197764518,A
HLA-B*18:01,0.9872691673480326,0.218358648027954,1418,0.281641351972046,B
HLA-C*03:03,0.9435654179359216,0.3415433403805496,1597,0.15845665961945038,C
HLA-A*34:02,0.9755776118994888,0.2329403603629308,1506,0.2670596396370692,A
HLA-C*15:02,0.9495739107471612,0.2678358632547857,1557,0.2321641367452143,C
HLA-B*49:01,0.987411750069978,0.2271413906476576,1506,0.2728586093523424,B
HLA-C*04:01,0.9622487672755052,0.2233574455855148,1419,0.2766425544144852,C
HLA-B*51:01,0.9806683736535406,0.1689938125835209,1342,0.33100618741647914,B
HLA-C*14:02,0.9762241215456572,0.2808115020391235,1434,0.21918849796087653,C
HLA-B*13:01,0.9712520418269044,0.2372810183356712,1333,0.26271898166432883,B
HLA-B*14:02,0.9358631340379872,0.1799714696849829,1143,0.3200285303150171,B
HLA-A*02:07,0.9580985240559708,0.2716482649842271,1194,0.22835173501577288,A
HLA-A*02:06,0.9379013208237682,0.3152540646366671,1270,0.1847459353633329,A
HLA-B*58:01,0.9691937168139813,0.282874446660505,1284,0.21712555333949501,B
HLA-B*42:01,0.9713569556796172,0.3015731363740196,1146,0.1984268636259804,B
HLA-B*15:03,0.979569307080422,0.2246750468434175,1055,0.2753249531565825,B
HLA-A*02:02,0.9600030152268958,0.3154120506169547,1149,0.1845879493830453,A
HLA-C*06:02,0.9223201144621254,0.2486665939087545,1072,0.2513334060912455,C
HLA-C*12:03,0.9399362705079926,0.3267748447204969,1135,0.1732251552795031,C
HLA-B*38:02,0.9865486007841016,0.3094154569006208,1054,0.19058454309937922,B
HLA-A*02:03,0.9634278755593948,0.3298260624702162,1055,0.17017393752978383,A
HLA-A*30:01,0.9445159533651823,0.2289299474233167,976,0.27107005257668326,A
HLA-C*14:03,0.9827824592546492,0.3601144609095554,990,0.1398855390904446,C
HLA-A*31:01,0.9827077048408244,0.2415068961192299,962,0.25849310388077007,A
HLA-A*23:01,0.9823036799839892,0.2965831263370999,1056,0.20341687366290012,A
HLA-A*33:03,0.9827705156136528,0.2711458907887479,938,0.2288541092112521,A
HLA-A*25:01,0.9787966281321036,0.2223215901710903,871,0.2776784098289097,A
HLA-A*26:01,0.9770885786221104,0.2614323245384481,887,0.2385676754615519,A
HLA-B*45:01,0.990249747174955,0.1834656485247036,872,0.3165343514752964,B
HLA-A*11:02,0.9814721277495296,0.35024064778666,984,0.14975935221334002,A
HLA-C*02:02,0.9394919337177896,0.3348011606076122,969,0.16519883939238778,C
HLA-B*44:05,0.9727574248877632,0.2736755114803895,947,0.2263244885196105,B
HLA-A*30:02,0.970188872241111,0.2142364532019704,906,0.2857635467980296,A
HLA-B*39:01,0.9793078556263268,0.2986467214060255,877,0.2013532785939745,B
HLA-B*46:01,0.9594951948024992,0.2981510136641402,874,0.2018489863358598,B
HLA-A*33:01,0.9842915226954194,0.2556873315363881,821,0.24431266846361188,A
HLA-B*27:09,0.9803962172982674,0.299080017360318,837,0.20091998263968203,B
HLA-A*74:01,0.9888748571772206,0.2476585409199964,826,0.2523414590800036,A
HLA-A*32:01,0.9570092450338266,0.2581660887735654,835,0.2418339112264346,A
HLA-C*01:02,0.9558442418280872,0.1740963855421687,761,0.32590361445783134,C
HLA-A*02:04,0.9547136571676448,0.3641694628241713,875,0.13583053717582871,A
HLA-B*40:06,0.9919786220518184,0.2104320337197049,820,0.28956796628029513,B
HLA-A*34:01,0.9803701535258912,0.3050781374836214,792,0.1949218625163786,A
HLA-B*15:02,0.9636385231437492,0.2824836925694838,754,0.2175163074305162,B
HLA-B*53:01,0.9852967306325516,0.2837119702404677,698,0.21628802975953232,B
HLA-B*56:01,0.9921673353607114,0.2813622612970315,713,0.2186377387029685,B
HLA-A*02:52,0.9255233783654307,0.2996314496314496,744,0.2003685503685504,A
HLA-B*27:04,0.988613892562504,0.2935924932975871,723,0.20640750670241292,B
HLA-A*02:11,0.9496570209643216,0.3338558221215947,743,0.1661441778784053,A
HLA-A*68:02,0.9724184004581028,0.1920916627785952,672,0.30790833722140476,A
HLA-A*66:01,0.9829155580450916,0.3464516488413547,709,0.1535483511586453,A
HLA-B*35:01,0.9749692138181348,0.3192226142941158,719,0.1807773857058842,B
HLA-B*55:01,0.9891803998518052,0.2680924311472161,701,0.2319075688527839,B
HLA-B*39:06,0.9908837254053012,0.1333440767798309,592,0.3666559232201691,B
HLA-B*35:07,0.9876708596339856,0.3156877792090334,662,0.1843122207909666,B
HLA-C*08:01,0.9517750920592956,0.3347212231874435,659,0.16527877681255648,C
HLA-B*81:01,0.9579638627391436,0.2825139362399217,650,0.21748606376007829,B
HLA-B*37:01,0.9684367948785224,0.1399860211792322,554,0.3600139788207678,B
HLA-B*15:17,0.9490845137867088,0.2710268555136577,594,0.22897314448634232,B
HLA-A*29:02,0.9589558451780876,0.2174888832955785,622,0.2825111167044215,A
HLA-C*12:02,0.9349950092137592,0.3582806921175501,595,0.1417193078824499,C
HLA-B*52:01,0.9766620645709432,0.2108407619150838,555,0.28915923808491617,B
HLA-B*40:32,0.9920597001342344,0.2965084473049074,501,0.20349155269509261,B
HLA-B*50:01,0.9861858704793944,0.2606969505117653,555,0.23930304948823472,B
HLA-B*35:02,0.977192184282362,0.2501097453906936,523,0.24989025460930642,B
HLA-B*15:10,0.9814651368049426,0.3220066582481919,529,0.1779933417518081,B
HLA-B*55:02,0.9933974650305508,0.3249183710970076,532,0.1750816289029924,B
HLA-B*07:04,0.9776874854887392,0.3244655232387017,547,0.1755344767612983,B
HLA-A*36:01,0.9887440601024716,0.2264299349547512,477,0.27357006504524883,A
HLA-C*07:02,0.96355668645745,0.2600904977375565,471,0.2399095022624435,C
HLA-A*24:07,0.9782449672284644,0.3253464566929134,504,0.1746535433070866,A
HLA-C*17:01,0.9356190150478796,0.2917824282879307,471,0.20821757171206928,C
HLA-A*03:02,0.9721311475409836,0.2640926257205327,449,0.23590737427946729,A
HLA-C*03:02,0.952108843537415,0.3357446808510638,430,0.1642553191489362,C
HLA-B*39:05,0.984670781893004,0.2853618421052631,444,0.2146381578947369,B
HLA-C*07:01,0.929435483870968,0.2951242381622128,417,0.20487576183778722,C
HLA-B*15:18,0.9781659388646288,0.2090546921109581,405,0.29094530788904194,B
HLA-B*54:01,0.9898860053359204,0.2513455511650088,343,0.24865444883499122,B
HLA-C*04:03,0.9421268966723512,0.3782802075611564,403,0.12171979243884362,C
HLA-B*67:01,0.9828637737478412,0.3149005855691931,348,0.1850994144308069,B
HLA-B*18:05,0.9884236453201972,0.265625,396,0.234375,B
HLA-A*02:20,0.953738038277512,0.3523885935880721,346,0.14761140641192788,A
HLA-B*15:11,0.955130540376442,0.2496780303030302,326,0.2503219696969698,B
HLA-B*58:02,0.9703327693175408,0.2755677655677656,331,0.22443223443223442,B
HLA-B*73:01,0.9986497714997924,0.076115280383573,279,0.423884719616427,B
HLA-A*69:01,0.9954386685843436,0.2164035087719298,264,0.2835964912280702,A
HLA-B*15:13,0.9293893129770991,0.2313793103448275,241,0.2686206896551725,B
HLA-A*26:08,0.9730757974831724,0.3168141592920354,258,0.18318584070796462,A
HLA-B*51:08,0.9875037639265282,0.2479633867276888,210,0.2520366132723112,B
HLA-B*39:24,0.9680243420701437,0.2350948509485095,249,0.26490514905149054,B
HLA-C*07:04,0.915617681498829,0.3120037807183365,207,0.1879962192816635,C
HLA-B*35:08,0.98493320907114,0.2475990396158463,200,0.2524009603841537,B
HLA-C*12:04,0.887005649717514,0.4021892655367232,107,0.09781073446327682,C
HLA-C*16:02,0.8585034013605443,0.3290273556231003,89,0.17097264437689969,C
HLA-C*15:05,0.8887411347517731,0.2479532163742689,83,0.2520467836257311,C
HLA-B*48:01,0.9990966576332432,0.2264093137254902,83,0.2735906862745098,B
HLA-B*41:01,0.9705882352941178,0.3647203947368421,70,0.1352796052631579,B
HLA-B*18:03,0.9252173913043478,0.3589015151515151,46,0.14109848484848492,B
HLA-B*14:01,0.8921095008051529,0.342809364548495,49,0.15719063545150502,B
