allele,prior_auroc,n
HLA-C*12:04,0.40218926553672324,107
HLA-C*04:03,0.37828020756115643,403
HLA-B*41:01,0.36472039473684215,70
HLA-A*02:04,0.36416946282417134,875
HLA-C*14:03,0.36011446090955546,990
HLA-B*18:03,0.35890151515151514,46
HLA-C*12:02,0.3582806921175501,595
HLA-A*02:20,0.3523885935880721,346
HLA-A*11:02,0.35024064778666,984
HLA-A*66:01,0.34645164884135476,709
HLA-B*14:01,0.342809364548495,49
HLA-C*03:03,0.3415433403805496,1597
HLA-C*03:02,0.3357446808510638,430
HLA-C*02:02,0.3348011606076122,969
HLA-C*08:01,0.3347212231874435,659
HLA-A*02:11,0.33385582212159476,743
HLA-A*02:03,0.3298260624702162,1055
HLA-C*16:02,0.3290273556231003,89
HLA-C*12:03,0.3267748447204969,1135
HLA-A*24:07,0.3253464566929134,504
HLA-B*55:02,0.3249183710970076,532
HLA-B*07:04,0.3244655232387017,547
HLA-B*15:10,0.32200665824819197,529
HLA-B*35:01,0.31922261429411586,719
HLA-C*03:04,0.3180951635735067,2379
HLA-A*26:08,0.3168141592920354,258
HLA-B*35:07,0.3156877792090334,662
HLA-A*02:02,0.31541205061695476,1149
HLA-A*02:06,0.31525406463666716,1270
HLA-B*67:01,0.3149005855691931,348
HLA-C*07:04,0.3120037807183365,207
HLA-B*38:02,0.30941545690062083,1054
HLA-A*34:01,0.30507813748362145,792
HLA-B*42:01,0.3015731363740196,1146
HLA-A*02:52,0.29963144963144966,744
HLA-B*27:09,0.299080017360318,837
HLA-B*39:01,0.2986467214060255,877
HLA-B*46:01,0.2981510136641402,874
HLA-A*23:01,0.29658312633709993,1056
HLA-B*40:32,0.29650844730490744,501
HLA-C*07:01,0.29512423816221284,417
HLA-B*27:04,0.29359249329758713,723
HLA-C*17:01,0.2917824282879307,471
HLA-B*39:05,0.28536184210526316,444
HLA-B*53:01,0.2837119702404677,698
HLA-B*58:01,0.282874446660505,1284
HLA-B*81:01,0.2825139362399217,650
HLA-B*44:03,0.2825022376821109,2299
HLA-B*15:02,0.28248369256948386,754
HLA-B*56:01,0.28136226129703157,713
HLA-C*14:02,0.28081150203912353,1434
HLA-B*40:01,0.28063691170933447,5069
HLA-A*02:05,0.27888698022354824,1552
HLA-B*58:02,0.2755677655677656,331
HLA-B*57:03,0.27419464499627677,1927
HLA-B*44:05,0.27367551148038954,947
HLA-A*02:07,0.2716482649842271,1194
HLA-A*33:03,0.27114589078874796,938
HLA-B*15:17,0.2710268555136577,594
HLA-B*55:01,0.26809243114721615,701
HLA-C*15:02,0.2678358632547857,1557
HLA-A*11:01,0.2661704297095577,2343
HLA-B*18:05,0.265625,396
HLA-A*03:02,0.2640926257205327,449
HLA-A*26:01,0.2614323245384481,887
HLA-C*08:02,0.26093926495302644,1871
HLA-B*50:01,0.26069695051176534,555
HLA-C*07:02,0.26009049773755655,471
HLA-B*40:02,0.25839087828502566,6454
HLA-A*32:01,0.2581660887735654,835
HLA-A*33:01,0.2556873315363881,821
HLA-B*35:03,0.2554332384423305,1716
HLA-B*13:02,0.2545254638339144,1558
HLA-B*54:01,0.25134555116500884,343
HLA-B*35:02,0.2501097453906936,523
HLA-B*15:11,0.24967803030303026,326
HLA-C*06:02,0.24866659390875454,1072
HLA-B*51:08,0.2479633867276888,210
HLA-C*15:05,0.24795321637426898,83
HLA-A*74:01,0.24765854091999645,826
HLA-B*35:08,0.24759903961584634,200
HLA-C*05:01,0.24684458488939962,2655
HLA-B*38:01,0.2444972272894764,1881
HLA-A*31:01,0.24150689611922999,962
HLA-B*13:01,0.23728101833567125,1333
HLA-B*39:24,0.23509485094850952,249
HLA-A*34:02,0.23294036036293087,1506
HLA-B*15:13,0.23137931034482756,241
HLA-C*16:01,0.22940818049748163,2086
HLA-A*30:01,0.22892994742331677,976
HLA-B*44:02,0.22842867894110844,2678
HLA-B*49:01,0.2271413906476576,1506
HLA-A*36:01,0.2264299349547512,477
HLA-B*48:01,0.2264093137254902,83
HLA-B*15:03,0.22467504684341758,1055
HLA-C*04:01,0.22335744558551485,1419
HLA-A*25:01,0.22232159017109032,871
HLA-B*18:01,0.21835864802795407,1418
HLA-A*29:02,0.21748888329557853,622
HLA-A*69:01,0.21640350877192982,264
HLA-A*30:02,0.21423645320197046,906
HLA-B*52:01,0.21084076191508386,555
HLA-B*40:06,0.21043203371970495,820
HLA-B*15:18,0.2090546921109581,405
HLA-B*57:01,0.20293399065059198,4225
HLA-A*02:01,0.19893789029029374,7086
HLA-A*24:02,0.19786023708610512,2722
HLA-B*07:02,0.19762554552519876,3706
HLA-B*15:01,0.19446853475961154,4544
HLA-A*68:02,0.19209166277859527,672
HLA-A*68:01,0.18978755854995505,3244
HLA-A*03:01,0.18735038957104722,4790
HLA-B*45:01,0.18346564852470362,872
HLA-B*14:02,0.17997146968498298,1143
HLA-C*01:02,0.17409638554216872,761
HLA-B*27:05,0.1710478299041875,2848
HLA-B*51:01,0.16899381258352097,1342
HLA-B*08:01,0.1687102298823089,2248
HLA-A*01:01,0.16131481934282546,1621
HLA-B*37:01,0.13998602117923226,554
HLA-B*39:06,0.13334407677983098,592
HLA-B*73:01,0.07611528038357307,279
HLA-B*47:01,0.06899181291504708,1770
