allele,auroc,Gene,wsum,carriers,n_types,expr,expr_z,nn_dist,global_freq
HLA-A*02:01,0.9576443068946644,HLA-A,25127.850000000002,204,3,123.17573529411766,0.16891720532944235,0.0312481903244121,0.1363653228341469
HLA-B*40:02,0.982829017986259,HLA-B,893.5499999999995,20,2,44.677499999999974,2.0426595588850143,0.0086364012787792,0.0319566127407649
HLA-B*40:01,0.9717179764479692,HLA-B,954.1099999999999,52,2,18.34826923076923,-0.31676131691252596,0.0086364012787792,0.0429437449195479
HLA-A*03:01,0.9723483054593552,HLA-A,17285.519999999986,102,2,169.46588235294104,1.375881645949636,0.0421863901038448,0.0609661207122234
HLA-B*15:01,0.96173811877733,HLA-B,708.7100000000015,61,1,11.6181967213115,-0.9198580694770765,0.0697473691048029,0.0323967510926597
HLA-B*57:01,0.9665400464728622,HLA-B,621.3600000000004,47,1,13.220425531914902,-0.7762787854229538,0.0244367310298369,0.026209455339841
HLA-B*07:02,0.973033510396714,HLA-B,1782.3899999999985,83,2,21.474578313252994,-0.03660581301425691,0.0261392218895566,0.0556365212860121
HLA-A*68:01,0.983519586296329,HLA-A,2565.730000000004,19,3,135.0384210526318,0.4782236299252362,0.0314291341591599,0.025961787005777
HLA-B*27:05,0.9926521962666104,HLA-B,475.2299999999982,41,2,11.590975609756054,-0.9222974137719882,0.0301816018414329,0.0134216556421669
HLA-A*24:02,0.9773890368207884,HLA-A,18430.14,105,3,175.52514285714284,1.5338701689874334,0.0125987131621682,0.1468403114863918
HLA-B*44:02,0.9764768122679052,HLA-B,1288.8499999999995,86,2,14.986627906976738,-0.6180054658896674,0.0116151549313737,0.0267389666356765
HLA-C*05:01,0.970250431300403,HLA-C,6226.420000000003,93,2,66.95075268817207,-0.31161953246858687,0.0224102273859639,0.0311026275469095
HLA-B*08:01,0.9643345809939696,HLA-B,2044.8999999999962,88,2,23.237499999999958,0.12137351674906853,0.1144913453924864,0.0466705845146923
HLA-C*03:04,0.9556314144974593,HLA-C,4389.320000000002,73,2,60.12767123287674,-0.5619309272279766,0.0048338598015493,0.0576441821228802
HLA-A*11:01,0.9654335844655904,HLA-A,9050.490000000013,83,2,109.04204819277123,-0.19960307015164055,0.0062332817424695,0.1047875198654526
HLA-B*44:03,0.9792313782812596,HLA-B,412.4599999999995,33,2,12.498787878787864,-0.8409463390811963,0.0116151549313737,0.0436154523705758
HLA-C*16:01,0.9409614083527128,HLA-C,1530.129999999999,30,1,51.0043333333333,-0.896629472080256,0.0536625121572309,0.0265148281629906
HLA-B*38:01,0.983761608628954,HLA-B,643.62,32,1,20.113125,-0.15860866972007376,0.0067082006055264,0.0210092823911101
HLA-C*08:02,0.97297942875342,HLA-C,1648.630000000001,24,1,68.6929166666667,-0.24770654854574098,0.0224102273859639,0.0206958599042316
HLA-B*35:03,0.9647182764214776,HLA-B,392.34000000000003,13,2,30.180000000000003,0.7435063687793335,0.0296165091423437,0.0184844995910261
HLA-A*01:01,0.9799214915804294,HLA-A,19036.030000000053,138,1,137.942246376812,0.55393766694491,0.0381684343867098,0.0942400482987182
HLA-B*13:02,0.96562123638892,HLA-B,417.5,16,1,26.09375,0.3773284261637547,0.0778941170738934,0.0219545259937322
HLA-A*02:05,0.9405623070987654,HLA-A,876.8,8,1,109.6,-0.185055093234455,0.0407332263285121,0.010677919655728
HLA-B*18:01,0.9838210739323704,HLA-B,329.8800000000001,43,4,7.671627906976747,-1.2735188706575973,0.0181239044191877,0.0299771713457032
HLA-C*03:03,0.9519085783645668,HLA-C,2713.89,55,2,49.34345454545454,-0.9575604295434074,0.0048338598015493,0.0437642657347951
HLA-A*34:02,0.9739939322081184,HLA-A,707.15,4,1,176.7875,1.5667847367647911,0.0579143483401965,0.0051234101294328
HLA-C*15:02,0.952583120076522,HLA-C,2140.670000000002,26,1,82.3334615384616,0.25271013774299605,0.074413994687489,0.0477775528538249
HLA-B*49:01,0.9926509877104416,HLA-B,382.2800000000002,14,1,27.3057142857143,0.48593523893008594,0.0622958087123963,0.0159626852543482
HLA-C*04:01,0.9641434652152676,HLA-C,6084.15,100,3,60.841499999999996,-0.535743423020574,0.0557339956366807,0.1229253092607774
HLA-B*51:01,0.977680581369844,HLA-B,714.71,27,8,26.47074074074074,0.4111114041581426,0.0425007668328022,0.0456607947693151
HLA-C*14:02,0.9779670742345856,HLA-C,584.28,8,2,73.035,-0.0884129885246094,0.0055292382741427,0.0243517559616388
HLA-B*14:02,0.9484393551831576,HLA-B,1628.0899999999992,27,1,60.2996296296296,3.4425933091576715,0.0517056621130968,0.0187441124618248
HLA-A*02:07,0.9493428131395176,HLA-A,1236.490000000002,11,1,112.408181818182,-0.11183485496139912,0.0565764152513427,0.0102575245934061
HLA-A*02:06,0.9437297527706736,HLA-A,967.2200000000009,9,1,107.468888888889,-0.24062146088614902,0.0407332263285121,0.0186784407516031
HLA-B*58:01,0.9591138267684616,HLA-B,97.40000000000009,6,2,16.23333333333335,-0.5062854223115846,0.0285270976394543,0.0306090869800592
HLA-B*15:03,0.982446402378991,HLA-B,50.08,4,1,12.52,-0.8390454737636136,0.0697527845844534,0.0119528230780961
HLA-C*06:02,0.9216768181621334,HLA-C,5530.850000000004,87,2,63.57298850574717,-0.43553610435926954,0.0920515744371275,0.098003878377368
HLA-C*12:03,0.9308452366742264,HLA-C,3475.4199999999987,56,1,62.0610714285714,-0.4910022562479729,0.0485102616182509,0.0364258450973127
HLA-B*38:02,0.9836740342159804,HLA-B,88.25,5,1,17.65,-0.379334774315974,0.0067082006055264,0.0052393846898221
HLA-A*02:03,0.9533162832416184,HLA-A,428.26,4,1,107.065,-0.2511524174249381,0.0519698296870769,0.0076724766072443
HLA-A*30:01,0.9359256394140112,HLA-A,921.91,8,1,115.23875,-0.03803091699023914,0.0867980263136216,0.0247704406057289
HLA-A*31:01,0.9761402507686656,HLA-A,1746.3099999999997,18,1,97.0172222222222,-0.5131371216346863,0.0347791193797526,0.0218592566302439
HLA-A*23:01,0.9729953815560204,HLA-A,1952.080000000004,14,1,139.434285714286,0.5928409441811914,0.0125987131621682,0.0293166002725682
HLA-A*33:03,0.9802330706440296,HLA-A,373.57,5,1,74.714,-1.0946689992341379,0.0247386040904749,0.0359323015171896
HLA-A*25:01,0.98500228859982,HLA-A,1303.2100000000005,14,1,93.08642857142861,-0.6156282231188664,0.0471952384926203,0.008154896082722
HLA-A*26:01,0.9711595752807274,HLA-A,1684.2799999999995,22,1,76.5581818181818,-1.046583995880072,0.0471952384926203,0.0353869489833031
HLA-B*45:01,0.9862875462212426,HLA-B,209.01,8,1,26.12625,0.3802408233824775,0.0517991105173023,0.011505251079841
HLA-C*02:02,0.9282197040996876,HLA-C,2368.219999999999,33,1,71.7642424242424,-0.13503196900623368,0.0465670299668613,0.0299483670629038
HLA-A*30:02,0.9654542819881178,HLA-A,1024.8,11,2,93.16363636363636,-0.6136151152405285,0.0906190614021528,0.0173483035635441
HLA-B*39:01,0.9823386790060852,HLA-B,130.2700000000002,6,2,21.7116666666667,-0.015359798827374935,0.0282558334505204,0.0152229970754818
HLA-B*46:01,0.9531049162880182,HLA-B,166.7499999999996,12,1,13.8958333333333,-0.7157539915043487,0.0450215505668226,0.014641087167088
HLA-A*33:01,0.9847137840700072,HLA-A,614.42,8,1,76.8025,-1.0402136692255288,0.0247386040904749,0.0112568333924344
HLA-A*32:01,0.9591148256854464,HLA-A,1723.3099999999993,31,1,55.5906451612903,-1.5932893481035029,0.0835492788409874,0.0232498264190754
HLA-C*01:02,0.9604278602945466,HLA-C,2334.9300000000007,46,2,50.75934782608697,-0.9056170042409739,0.1079529682692703,0.0725678925168671
HLA-A*34:01,0.9803020020359688,HLA-A,603.799999999998,6,1,100.633333333333,-0.4188510196938978,0.0199193033388473,0.0299718905703646
HLA-B*15:02,0.9483323364379505,HLA-B,68.13,4,1,17.0325,-0.4346703214717084,0.0697473691048029,0.0120437729654502
HLA-B*53:01,0.9820951716505882,HLA-B,235.48999999999978,6,1,39.2483333333333,1.5561398696547712,0.0477585501006014,0.0198222922736912
HLA-A*68:02,0.9766782883482849,HLA-A,881.7199999999999,7,1,125.96,0.24151383132424514,0.0666481949726775,0.020356166862595
HLA-B*35:01,0.9800668017855902,HLA-B,1565.2799999999984,58,2,26.987586206896523,0.4574270748701925,0.0179127996322539,0.0467254093553177
HLA-B*55:01,0.9892067866212784,HLA-B,368.16,32,1,11.505,-0.9300018792098814,0.0162722019656269,0.0121010196812473
HLA-B*39:06,0.9906320575300132,HLA-B,176.9699999999999,7,2,25.28142857142856,0.3045344978782025,0.1103356462446669,0.0028436644067244
HLA-C*08:01,0.9519528136457835,HLA-C,258.77,5,1,51.754,-0.8691272195910482,0.0372863323744647,0.0259879384316578
HLA-B*37:01,0.9593847391173216,HLA-B,61.67999999999997,9,1,6.85333333333333,-1.346848065746062,0.137626706149513,0.0135010412027547
HLA-A*29:02,0.9700839607647976,HLA-A,992.3599999999992,22,2,45.107272727272694,-1.8666317017054106,0.0951675552987388,0.0180628815628946
HLA-C*12:02,0.9391775306748468,HLA-C,566.7099999999998,7,1,80.9585714285714,0.20227095373172868,0.0425843539063967,0.0358958255883819
HLA-B*52:01,0.9705781854149808,HLA-B,238.0000000000005,9,1,26.4444444444445,0.4087549346136538,0.0915787768495523,0.0334040557004748
HLA-B*35:02,0.9733238424513592,HLA-B,101.99,5,1,20.398,-0.13308038794519148,0.0296165091423437,0.0065493904600138
HLA-C*07:02,0.9655077582213988,HLA-C,12494.460000000026,107,3,116.77065420560773,1.5160721222934304,0.0746384334281992,0.1089594362304548
HLA-A*24:07,0.9803305059959052,HLA-A,921.9,5,1,184.38,1.7647507856469384,0.0232607342826267,0.0078573956048067
HLA-A*03:02,0.9750512295081968,HLA-A,881.1400000000001,5,1,176.228,1.5521963924316258,0.0448550402394319,0.0139978762494524
HLA-C*07:01,0.940192363742349,HLA-C,13286.179999999993,111,2,119.69531531531526,1.6233661662479075,0.0746384334281992,0.0859632238699528
HLA-C*07:04,0.949607982893799,HLA-C,1946.94,13,2,149.76461538461538,2.7264877527480564,0.1105917555583357,0.0162715882241878
HLA-C*15:05,0.7936117936117936,HLA-C,314.32,4,1,78.58,0.11501074209253288,0.074413994687489,0.0083249814946607
HLA-B*41:01,0.9730158730158732,HLA-B,106.8,4,1,26.7,0.4316558358207004,0.080949176286768,0.0095842438822871
