allele,anchor_ic,n_anchors,n_peptides_anchors_json,auroc,peptide_count,nn_dist,nearest_neighbour,log_count
HLA-A*01:01,2.339,3,2524,0.9799214915804294,5009,0.04142445468072332,HLA-A*36:01,3.699751031689514
HLA-A*02:01,2.3064999999999998,2,14363,0.9576443068946644,21149,0.032817912000636655,HLA-A*02:04,4.325289837207551
HLA-A*02:02,2.9989999999999997,2,2351,0.956986920795449,3153,0.05847785115277117,HLA-A*02:01,3.4987239707479048
HLA-A*02:03,2.28,3,2014,0.9533162832416184,2870,0.053668121926165054,HLA-A*02:01,3.4578818967339924
HLA-A*02:04,2.3706666666666667,3,1804,0.9590748963340796,2234,0.032817912000636655,HLA-A*02:01,3.34908316877959
HLA-A*02:05,2.0469999999999997,2,3242,0.9405623070987654,4527,0.041344312836672746,HLA-A*02:06,3.655810494495252
HLA-A*02:06,2.0324999999999998,2,2485,0.9437297527706736,3419,0.041344312836672746,HLA-A*02:05,3.5338991007965945
HLA-A*02:07,2.1643333333333334,3,2689,0.9493428131395176,3532,0.05758452879644931,HLA-A*02:01,3.548020694905531
HLA-A*02:11,2.322,2,1405,0.9565086392424522,2001,0.03583187593628903,HLA-A*02:01,3.3012470886362113
HLA-A*02:20,2.343,3,652,0.9373229862920583,949,0.0596705038015281,HLA-A*02:01,2.977266212427293
HLA-A*02:52,1.8476666666666668,3,1708,0.9360384949299498,2018,0.05742619582219093,HLA-A*02:01,3.3049211619008916
HLA-A*03:01,2.027,2,7498,0.9723483054593552,14291,0.04249761882736302,HLA-A*11:01,4.155062619223921
HLA-A*03:02,2.1703333333333332,3,625,0.9750512295081968,1226,0.049377351756555055,HLA-A*11:01,3.0884904701823963
HLA-A*11:01,1.8476666666666668,3,3399,0.9654335844655904,6569,0.007202890212415491,HLA-A*11:02,3.8174992618677583
HLA-A*11:02,2.102,3,1384,0.975051513429018,2568,0.007202890212415491,HLA-A*11:01,3.4095950193968156
HLA-A*23:01,2.6055,2,1822,0.9729953815560204,2818,0.013183993670660726,HLA-A*24:02,3.4499409887733377
HLA-A*24:02,2.5095,2,5443,0.9773890368207884,8044,0.013183993670660726,HLA-A*23:01,3.905472061924704
HLA-A*24:07,2.675,2,953,0.9803305059959052,1343,0.024354756612677754,HLA-A*23:01,3.1280760126687155
HLA-A*25:01,1.9653333333333334,3,1436,0.98500228859982,2677,0.04866112532764001,HLA-A*26:01,3.4276483711869328
HLA-A*26:01,1.891,3,1650,0.9711595752807274,2662,0.04866112532764001,HLA-A*25:01,3.4252080511386565
HLA-A*26:08,1.9624000000000001,5,531,0.9772121212121212,632,0.05455454951760404,HLA-A*26:01,2.800717078282385
HLA-A*29:02,2.3575,2,1220,0.9700839607647976,1691,0.0977006356791601,HLA-A*30:02,3.2281436075977417
HLA-A*30:01,1.5143333333333333,3,1774,0.9359256394140112,2860,0.08775957196340049,HLA-A*03:01,3.456366033129043
HLA-A*30:02,2.4909999999999997,2,1137,0.9654542819881178,2451,0.09225997484355636,HLA-B*15:01,3.389343311252078
HLA-A*31:01,1.9436666666666664,3,1613,0.9761402507686656,2826,0.03675579332125442,HLA-A*74:01,3.4511721575125396
HLA-A*32:01,1.737,3,1499,0.9591148256854464,2316,0.08528078093162508,HLA-B*57:01,3.3647385550553985
HLA-A*33:01,2.7765,2,1429,0.9847137840700072,2351,0.025384414433837602,HLA-A*33:03,3.3712526291249394
HLA-A*33:03,2.095666666666667,3,1554,0.9802330706440296,2771,0.025384414433837602,HLA-A*33:01,3.442636525782232
HLA-A*34:01,2.1999999999999997,3,1437,0.9803020020359688,2176,0.02056824210446517,HLA-A*66:01,3.3376588910261424
HLA-A*34:02,1.9393333333333331,3,2783,0.9739939322081184,4347,0.058441846862836204,HLA-A*68:01,3.638189640190837
HLA-A*36:01,2.2245,4,647,0.983598303185932,1382,0.04142445468072332,HLA-A*01:01,3.1405080430381798
HLA-A*66:01,2.099,3,1223,0.9755924170616114,1954,0.02056824210446517,HLA-A*34:01,3.2909245593827543
HLA-A*68:01,1.9273333333333333,3,4772,0.983519586296329,9875,0.03225228114849169,HLA-A*66:01,3.9945371042984976
HLA-A*68:02,1.6105,4,1384,0.9766782883482849,1990,0.07104579494560863,HLA-A*69:01,3.2988530764097064
HLA-A*69:01,2.4683333333333333,3,618,0.9905592841163312,747,0.07104579494560863,HLA-A*68:02,2.873320601815399
HLA-A*74:01,2.3026666666666666,3,1211,0.99101071948935,2334,0.03675579332125442,HLA-A*31:01,3.3681008517093516
HLA-B*07:02,2.7119999999999997,2,6747,0.973033510396714,11187,0.026962160668959723,HLA-B*42:01,4.04871363808097
HLA-B*07:04,2.96,2,899,0.9767527432814244,1404,0.021555824479189696,HLA-B*42:01,3.1473671077937864
HLA-B*08:01,1.65625,4,4884,0.9643345809939696,6923,0.11513279983849281,HLA-B*14:02,3.840294331611436
HLA-B*13:01,1.822,3,2359,0.9725891501979376,3993,0.0788031404382532,HLA-B*13:02,3.6012993101943374
HLA-B*13:02,2.221,2,3611,0.96562123638892,4567,0.0788031404382532,HLA-B*13:01,3.6596310116070008
HLA-B*14:01,1.559,5,103,0.9521739130434784,115,0.06879695784309527,HLA-B*14:02,2.060697840353612
HLA-B*14:02,1.7143333333333333,3,2342,0.9484393551831576,3537,0.06879695784309527,HLA-B*14:01,3.5486350598147514
HLA-B*15:01,1.9329999999999998,2,8596,0.96173811877733,13394,0.07068816281961653,HLA-B*15:03,4.126910294600161
HLA-B*15:02,2.1605,2,1639,0.9483323364379505,2134,0.07110305618095257,HLA-B*15:01,3.329194415088451
HLA-B*15:03,2.5060000000000002,2,2238,0.982446402378991,3211,0.07068816281961653,HLA-B*15:01,3.5066403055665023
HLA-B*15:10,3.2435,2,1178,0.9729511610954908,1501,0.04284341270676884,HLA-B*39:05,3.1763806922432702
HLA-B*15:11,2.342,2,669,0.9649679707160832,943,0.07023649548895755,HLA-B*35:01,2.9745116927373285
HLA-B*15:13,1.8845,2,509,0.9313385826771652,659,0.11393553230152603,HLA-B*15:02,2.8188854145940097
HLA-B*15:17,2.0236666666666667,3,1330,0.9538551013625788,1693,0.0893856057267536,HLA-B*57:03,3.2286569581089353
HLA-B*15:18,2.51,2,902,0.9826785334373448,1129,0.1049229449300169,HLA-B*38:01,3.052693941924968
HLA-B*18:01,2.8275,2,2267,0.9838210739323704,4372,0.02153979807869234,HLA-B*18:05,3.6406801532776654
HLA-B*18:03,1.8466,5,110,0.9823369565217392,135,0.1115296867798738,HLA-B*18:01,2.130333768495006
HLA-B*18:05,2.4760000000000004,3,523,0.9778036428979824,990,0.02153979807869234,HLA-B*18:01,2.9956351945975497
HLA-B*27:04,2.76,2,1517,0.9807950785773366,2007,0.030994236095878234,HLA-B*27:05,3.3025473724874854
HLA-B*27:05,2.725,2,4939,0.9926521962666104,8610,0.030994236095878234,HLA-B*27:04,3.935003151453655
HLA-B*27:09,3.112,2,1580,0.9773769534825044,2340,0.03320699833440753,HLA-B*27:05,3.369215857410143
HLA-B*35:01,2.4635,2,1356,0.9800668017855902,1937,0.01871823030702556,HLA-B*35:07,3.287129620719111
HLA-B*35:02,2.808,2,1119,0.9733238424513592,1509,0.030782280201757908,HLA-B*35:03,3.17868923977559
HLA-B*35:03,2.8215,2,3829,0.9647182764214776,5071,0.030782280201757908,HLA-B*35:02,3.7050936105478733
HLA-B*35:07,2.661,2,1310,0.9850968805826578,1823,0.01871823030702556,HLA-B*35:01,3.2607866686549762
HLA-B*35:08,2.0396666666666667,3,408,0.9927988894672912,545,0.056182127249174534,HLA-B*35:01,2.7363965022766426
HLA-B*37:01,2.3666666666666667,3,989,0.9593847391173216,1697,0.1411728306049898,HLA-B*47:01,3.229681842317676
HLA-B*38:01,2.7525,2,3642,0.983761608628954,5321,0.0072447305175212685,HLA-B*38:02,3.7259932589247224
HLA-B*38:02,2.877,2,1820,0.9836740342159804,2871,0.0072447305175212685,HLA-B*38:01,3.458033192496506
HLA-B*39:01,2.9245,2,2029,0.9823386790060852,2447,0.03002146943783817,HLA-B*39:05,3.388633969351789
HLA-B*39:05,3.266,2,953,0.9869880023785372,1213,0.03002146943783817,HLA-B*39:01,3.083860800866573
HLA-B*39:06,2.0236666666666667,3,1309,0.9906320575300132,1856,0.1156066758995732,HLA-B*39:01,3.268577971882843
HLA-B*39:24,2.2543333333333333,3,456,0.9926875,614,0.053247454666139886,HLA-B*39:01,2.788168371141168
HLA-B*40:01,3.572,2,6524,0.9717179764479692,14595,0.00875964317198196,HLA-B*40:02,4.164204099324033
HLA-B*40:02,3.423,2,8474,0.982829017986259,18926,0.00875964317198196,HLA-B*40:01,4.277058835755107
HLA-B*40:06,3.228,2,1291,0.9889654325284308,2227,0.034300666490918626,HLA-B*50:01,3.347720217034038
HLA-B*40:32,3.1790000000000003,2,1263,0.9910065754262558,1573,0.015234942897643525,HLA-B*50:01,3.196728722623287
HLA-B*41:01,3.637,2,101,0.9730158730158732,174,0.10304242737912685,HLA-B*45:01,2.2405492482825995
HLA-B*42:01,2.999,2,2025,0.9650512295081968,3218,0.021555824479189696,HLA-B*07:04,3.5075860397630105
HLA-B*44:02,2.7095,2,3947,0.9764768122679052,7801,0.011839460778641845,HLA-B*44:03,3.892150277901364
HLA-B*44:03,2.867,2,3378,0.9792313782812596,6178,0.011839460778641845,HLA-B*44:02,3.7908479039654317
HLA-B*44:05,3.0780000000000003,2,1841,0.957957108452158,2476,0.028423676214125213,HLA-B*44:03,3.39375064034808
HLA-B*45:01,2.7110000000000003,3,1916,0.9862875462212426,2570,0.05340861416212781,HLA-B*40:32,3.4099331233312946
HLA-B*46:01,1.734,2,1760,0.9531049162880182,2421,0.04612625188554246,HLA-C*12:02,3.383994789441733
HLA-B*47:01,2.9005,2,2734,0.9925012642818078,5687,0.1411728306049898,HLA-B*37:01,3.7548832282521674
HLA-B*48:01,2.3674999999999997,4,179,0.9871050934880722,208,0.16540847507574064,HLA-B*15:03,2.3180633349627615
HLA-B*49:01,3.364,2,2885,0.9926509877104416,4246,0.06285983330807016,HLA-B*40:02,3.62797998982998
HLA-B*50:01,3.1495,2,1165,0.9836909957765928,1572,0.015234942897643525,HLA-B*40:32,3.196452541703389
HLA-B*51:01,2.05,3,2490,0.977680581369844,4138,0.04990883159160539,HLA-B*51:08,3.616790486329716
HLA-B*51:08,3.3305,2,486,0.9962520901804764,616,0.04990883159160539,HLA-B*51:01,2.7895807121644256
HLA-B*52:01,2.5244999999999997,2,547,0.9705781854149808,1636,0.09432906896456145,HLA-B*13:02,3.2137832993353044
HLA-B*53:01,2.4975,2,1385,0.9820951716505882,2055,0.048769309495046986,HLA-B*35:07,3.312811826212088
HLA-B*54:01,2.8739999999999997,2,600,0.9834757834757836,1015,0.05469356594389986,HLA-B*56:01,3.0064660422492318
HLA-B*55:01,3.066,2,1145,0.9892067866212784,1898,0.0172684767173423,HLA-B*56:01,3.278296208091274
HLA-B*55:02,3.266,2,834,0.9939645598957076,1428,0.006436022566089698,HLA-B*56:01,3.1547282074401557
HLA-B*56:01,3.1355,2,1104,0.991272604196886,2052,0.006436022566089698,HLA-B*55:02,3.3121773564397787
HLA-B*57:01,1.847,2,5758,0.9665400464728622,12454,0.02476983853903886,HLA-B*57:03,4.095308861385381
HLA-B*57:03,2.0275,2,3025,0.9499900454576152,5541,0.02476983853903886,HLA-B*57:01,3.743588150159904
HLA-B*58:01,2.12,2,1862,0.9591138267684616,3411,0.029175329864465818,HLA-B*57:01,3.5328817194073974
HLA-B*58:02,2.247,3,567,0.9660845806604896,930,0.0778144677878047,HLA-B*57:03,2.9684829485539352
HLA-B*67:01,3.1585,2,558,0.9752951231237648,997,0.06255583549831618,HLA-B*81:01,2.998695158311656
HLA-B*73:01,2.58,3,569,0.995504174694926,815,0.14201277009644453,HLA-B*27:04,2.9111576087399764
HLA-B*81:01,3.166,2,969,0.9606849747474748,1735,0.04315327429870548,HLA-B*42:01,3.2392994791268928
HLA-C*01:02,2.146,4,1650,0.9604278602945466,2308,0.1095656681268595,HLA-C*03:03,3.363235804483694
HLA-C*02:02,1.838,2,2007,0.9282197040996876,2547,0.04777720205414946,HLA-C*12:02,3.406028944963615
HLA-C*03:02,1.679,3,799,0.9594029733033635,1215,0.05094791733808404,HLA-C*03:03,3.084576277934331
HLA-C*03:03,2.2665,2,3385,0.9519085783645668,4348,0.004936990823153336,HLA-C*03:04,3.638289535414257
HLA-C*03:04,2.2880000000000003,2,5048,0.9556314144974593,6804,0.004936990823153336,HLA-C*03:03,3.8327643049405316
HLA-C*04:01,1.9569999999999999,3,2612,0.9641434652152676,4162,0.06027454869112563,HLA-C*04:03,3.6193020758756083
HLA-C*04:03,2.3236666666666665,3,659,0.944190967400648,1010,0.04756402281303996,HLA-C*05:01,3.0043213737826426
HLA-C*05:01,2.183666666666667,3,4530,0.970250431300403,7673,0.022718077010727658,HLA-C*08:02,3.8849651982007325
HLA-C*06:02,1.944,2,2807,0.9216768181621334,3072,0.093752502629043,HLA-C*07:01,3.4874212113594742
HLA-C*07:01,1.6986666666666668,3,891,0.940192363742349,1159,0.07702857156420312,HLA-C*07:02,3.064083435963596
HLA-C*07:02,2.4215,2,1044,0.9655077582213988,1376,0.07702857156420312,HLA-C*07:01,3.1386184338994925
HLA-C*07:04,1.7996666666666667,3,462,0.949607982893799,552,0.11723838506750635,HLA-C*07:01,2.741939077729199
HLA-C*08:01,2.5805,2,1414,0.9519528136457835,1787,0.03846920949009355,HLA-C*03:04,3.252124552505644
HLA-C*08:02,2.4196666666666666,3,3347,0.97297942875342,5266,0.022718077010727658,HLA-C*05:01,3.7214808547700495
HLA-C*12:02,1.9745000000000001,2,1378,0.9391775306748468,1650,0.04612625188554246,HLA-B*46:01,3.2174839442139063
HLA-C*12:03,1.661,2,2604,0.9308452366742264,3026,0.04944010470615982,HLA-C*02:02,3.4808689236871677
HLA-C*12:04,1.9375,2,228,0.8631578947368421,289,0.051415986252464366,HLA-C*12:02,2.4608978427565478
HLA-C*14:02,2.223,2,2657,0.9779670742345856,4049,0.005982508785896259,HLA-C*14:03,3.6073477767684134
HLA-C*14:03,2.3455,2,1871,0.9810613997479152,2827,0.005982508785896259,HLA-C*14:02,3.4513258084895195
HLA-C*15:02,1.7606666666666666,3,3594,0.952583120076522,4317,0.08348365838339661,HLA-C*15:05,3.635182048656268
HLA-C*15:05,1.8824999999999998,2,200,0.7936117936117936,215,0.08348365838339661,HLA-C*15:02,2.3324384599156054
HLA-C*16:01,1.6760000000000002,2,4307,0.9409614083527128,6049,0.05573082205252796,HLA-C*03:02,3.7816835845073506
HLA-C*16:02,1.7708333333333333,6,228,0.9322916666666666,236,0.13683488707556826,HLA-C*16:01,2.3729120029701067
HLA-C*17:01,2.8754999999999997,2,946,0.9428939458995276,1287,0.08904029572694763,HLA-C*03:04,3.1095785469043866
