allele,n,n_pos,auroc,peptide_count,bin
HLA-A*02:01,8503,4333,0.9576443068946643,21149,very_high
HLA-B*40:02,7536,3835,0.982829017986259,18926,very_high
HLA-B*40:01,5770,2850,0.9717179764479692,14595,very_high
HLA-A*03:01,5764,2847,0.9723483054593552,14291,very_high
HLA-B*15:01,5396,2674,0.96173811877733,13394,very_high
HLA-B*57:01,4944,2483,0.9665400464728622,12454,very_high
HLA-B*07:02,4501,2225,0.973033510396714,11187,high
HLA-A*68:01,3899,1968,0.983519586296329,9875,high
HLA-B*27:05,3484,1724,0.9926521962666104,8610,high
HLA-A*24:02,3244,1609,0.9773890368207883,8044,high
HLA-B*44:02,3128,1577,0.9764768122679051,7801,high
HLA-C*05:01,3122,1583,0.970250431300403,7673,high
HLA-B*08:01,2774,1374,0.9643345809939696,6923,high
HLA-C*03:04,2684,1390,0.9556314144974593,6804,high
HLA-A*11:01,2581,1302,0.9654335844655904,6569,high
HLA-B*44:03,2524,1263,0.9792313782812595,6178,medium
HLA-C*16:01,2417,1221,0.9409614083527127,6049,medium
HLA-B*47:01,2290,1147,0.9925012642818078,5687,medium
HLA-B*57:03,2136,1089,0.9499900454576152,5541,medium
HLA-B*38:01,2146,1045,0.983761608628954,5321,medium
HLA-C*08:02,2103,1031,0.9729794287534201,5266,medium
HLA-B*35:03,2011,995,0.9647182764214776,5071,medium
HLA-A*01:01,2007,968,0.9799214915804294,5009,medium
HLA-B*13:02,1797,942,0.96562123638892,4567,medium
HLA-A*02:05,1776,864,0.9405623070987654,4527,medium
HLA-B*18:01,1702,878,0.9838210739323705,4372,medium
HLA-C*03:03,1726,863,0.9519085783645667,4348,medium
HLA-A*34:02,1660,804,0.9739939322081184,4347,medium
HLA-C*15:02,1789,932,0.9525831200765219,4317,medium
HLA-B*49:01,1735,882,0.9926509877104417,4246,medium
HLA-C*04:01,1693,843,0.9641434652152676,4162,medium
HLA-B*51:01,1665,824,0.9776805813698441,4138,medium
HLA-C*14:02,1604,813,0.9779670742345856,4049,medium
HLA-B*13:01,1599,810,0.9725891501979377,3993,medium
HLA-B*14:02,1417,709,0.9484393551831576,3537,medium
HLA-A*02:07,1377,695,0.9493428131395176,3532,medium
HLA-A*02:06,1370,690,0.9437297527706735,3419,medium
HLA-B*58:01,1378,656,0.9591138267684616,3411,medium
HLA-B*42:01,1250,610,0.9650512295081967,3218,medium
HLA-B*15:03,1262,634,0.982446402378991,3211,medium
HLA-A*02:02,1283,655,0.956986920795449,3153,medium
HLA-C*06:02,1254,651,0.9216768181621334,3072,medium
HLA-C*12:03,1228,613,0.9308452366742264,3026,medium
HLA-B*38:02,1117,593,0.9836740342159803,2871,medium
HLA-A*02:03,1149,581,0.9533162832416184,2870,medium
HLA-A*30:01,1151,559,0.9359256394140113,2860,medium
HLA-C*14:03,1114,563,0.9810613997479152,2827,medium
HLA-A*31:01,1148,571,0.9761402507686657,2826,medium
HLA-A*23:01,1113,587,0.9729953815560205,2818,medium
HLA-A*33:03,1066,555,0.9802330706440295,2771,medium
HLA-A*25:01,1041,517,0.9850022885998199,2677,medium
HLA-A*26:01,1024,494,0.9711595752807274,2662,medium
HLA-B*45:01,1048,515,0.9862875462212426,2570,medium
HLA-A*11:02,950,454,0.975051513429018,2568,medium
HLA-C*02:02,1031,526,0.9282197040996877,2547,medium
HLA-B*44:05,1023,518,0.957957108452158,2476,low
HLA-A*30:02,1051,515,0.9654542819881178,2451,low
HLA-B*39:01,1005,493,0.9823386790060853,2447,low
HLA-B*46:01,989,479,0.9531049162880182,2421,low
HLA-A*33:01,928,466,0.9847137840700072,2351,low
HLA-B*27:09,900,431,0.9773769534825045,2340,low
HLA-A*74:01,961,464,0.99101071948935,2334,low
HLA-A*32:01,946,488,0.9591148256854464,2316,low
HLA-C*01:02,944,471,0.9604278602945466,2308,low
HLA-A*02:04,934,458,0.9590748963340796,2234,low
HLA-B*40:06,885,422,0.9889654325284309,2227,low
HLA-A*34:01,841,420,0.9803020020359687,2176,low
HLA-B*15:02,838,415,0.9483323364379505,2134,low
HLA-B*53:01,816,422,0.9820951716505882,2055,low
HLA-B*56:01,815,383,0.9912726041968861,2052,low
HLA-A*02:52,840,433,0.9360384949299498,2018,low
HLA-B*27:04,787,403,0.9807950785773366,2007,low
HLA-A*02:11,807,390,0.9565086392424522,2001,low
HLA-A*68:02,783,381,0.9766782883482849,1990,low
HLA-A*66:01,782,360,0.9755924170616114,1954,low
HLA-B*35:01,796,403,0.9800668017855902,1937,low
HLA-B*55:01,770,398,0.9892067866212784,1898,low
HLA-B*39:06,734,358,0.9906320575300132,1856,low
HLA-B*35:07,763,380,0.9850968805826578,1823,low
HLA-C*08:01,709,340,0.9519528136457835,1787,low
HLA-B*81:01,712,360,0.9606849747474747,1735,low
HLA-B*37:01,662,319,0.9593847391173217,1697,low
HLA-B*15:17,694,340,0.9538551013625789,1693,low
HLA-A*29:02,707,334,0.9700839607647975,1691,low
HLA-C*12:02,646,320,0.9391775306748467,1650,low
HLA-B*52:01,667,337,0.9705781854149808,1636,low
HLA-B*40:32,647,319,0.9910065754262558,1573,low
HLA-B*50:01,630,311,0.9836909957765928,1572,low
HLA-B*35:02,595,297,0.9733238424513593,1509,low
HLA-B*15:10,555,264,0.9729511610954908,1501,low
HLA-B*55:02,576,298,0.9939645598957075,1428,low
HLA-B*07:04,552,285,0.9767527432814245,1404,low
HLA-A*36:01,564,291,0.9835983031859321,1382,low
HLA-C*07:02,526,272,0.9655077582213988,1376,low
HLA-A*24:07,523,260,0.9803305059959052,1343,low
HLA-C*17:01,529,255,0.9428939458995277,1287,low
HLA-A*03:02,484,240,0.9750512295081968,1226,low
HLA-C*03:02,451,214,0.9594029733033637,1215,low
HLA-B*39:05,479,226,0.9869880023785372,1213,low
HLA-C*07:01,454,235,0.940192363742349,1159,low
HLA-B*15:18,475,236,0.9826785334373449,1129,low
HLA-B*54:01,384,189,0.9834757834757835,1015,low
HLA-C*04:03,426,213,0.944190967400648,1010,low
HLA-B*67:01,387,194,0.9752951231237648,997,rare
HLA-B*18:05,443,212,0.9778036428979825,990,rare
HLA-A*02:20,376,194,0.9373229862920585,949,rare
HLA-B*15:11,374,188,0.9649679707160832,943,rare
HLA-B*58:02,367,183,0.9660845806604895,930,rare
HLA-B*73:01,326,173,0.9955041746949261,815,rare
HLA-A*69:01,299,149,0.9905592841163311,747,rare
HLA-B*15:13,252,125,0.9313385826771653,659,rare
HLA-A*26:08,257,125,0.9772121212121211,632,rare
HLA-B*51:08,264,123,0.9962520901804763,616,rare
HLA-B*39:24,253,125,0.9926875,614,rare
HLA-C*07:04,237,115,0.949607982893799,552,rare
HLA-B*35:08,215,113,0.9927988894672913,545,rare
HLA-C*12:04,112,55,0.8631578947368421,289,rare
HLA-C*16:02,84,48,0.9322916666666666,236,rare
HLA-C*15:05,81,44,0.7936117936117936,215,rare
HLA-B*48:01,80,47,0.9871050934880722,208,rare
HLA-B*41:01,71,35,0.9730158730158731,174,rare
HLA-B*18:03,55,32,0.9823369565217391,135,rare
HLA-B*14:01,43,20,0.9521739130434783,115,rare
