sequence,af3,af2,esmfold2,boltz,label,allele
0.8333333333333334,0.5,0.25,0.6666666666666666,0.5,1,HLA-A*29:02
0.8333333333333334,0.9166666666666666,1.0,0.9166666666666666,0.9166666666666666,1,HLA-A*29:02
1.0,0.75,1.0,0.8333333333333334,1.0,1,HLA-A*29:02
1.0,0.75,0.6666666666666666,0.5833333333333334,0.4166666666666667,1,HLA-A*29:02
0.9166666666666666,1.0,1.0,0.9166666666666666,1.0,1,HLA-A*29:02
0.75,0.75,0.9166666666666666,0.75,0.8333333333333334,1,HLA-A*29:02
0.8333333333333334,1.0,0.9166666666666666,1.0,0.9166666666666666,1,HLA-A*29:02
0.8333333333333334,0.5,1.0,0.8333333333333334,0.9166666666666666,1,HLA-A*29:02
0.8333333333333334,0.9166666666666666,1.0,0.6666666666666666,0.5833333333333334,1,HLA-A*29:02
0.8333333333333334,1.0,1.0,0.75,0.9166666666666666,1,HLA-A*29:02
1.0,1.0,0.9166666666666666,1.0,0.4166666666666667,1,HLA-A*29:02
0.8333333333333334,0.75,0.9166666666666666,0.6666666666666666,0.9166666666666666,1,HLA-A*29:02
1.0,1.0,1.0,1.0,0.9166666666666666,1,HLA-B*08:01
1.0,0.6666666666666666,0.8333333333333334,0.5833333333333334,0.75,1,HLA-B*08:01
1.0,1.0,1.0,1.0,0.9166666666666666,1,HLA-B*08:01
1.0,0.75,1.0,1.0,0.9166666666666666,1,HLA-B*08:01
1.0,0.9166666666666666,1.0,1.0,0.9166666666666666,1,HLA-B*08:01
1.0,1.0,1.0,1.0,0.9166666666666666,1,HLA-B*08:01
1.0,0.75,1.0,1.0,1.0,1,HLA-B*08:01
0.9166666666666666,0.6666666666666666,1.0,0.75,1.0,1,HLA-B*08:01
1.0,1.0,1.0,1.0,0.9166666666666666,1,HLA-B*08:01
1.0,1.0,0.6666666666666666,0.9166666666666666,0.9166666666666666,1,HLA-B*08:01
1.0,0.75,0.8333333333333334,0.9166666666666666,0.8333333333333334,1,HLA-B*08:01
1.0,0.8333333333333334,1.0,0.9166666666666666,0.9166666666666666,1,HLA-B*08:01
0.8333333333333334,0.8333333333333334,0.6666666666666666,0.6666666666666666,0.9166666666666666,1,HLA-B*15:03
1.0,1.0,1.0,1.0,1.0,1,HLA-B*15:03
0.8333333333333334,0.8333333333333334,1.0,1.0,0.8333333333333334,1,HLA-B*15:03
0.8333333333333334,0.75,1.0,0.6666666666666666,0.4166666666666667,1,HLA-B*15:03
0.8333333333333334,0.8333333333333334,0.6666666666666666,0.6666666666666666,0.8333333333333334,1,HLA-B*15:03
0.9166666666666666,0.5,1.0,0.5833333333333334,0.9166666666666666,1,HLA-B*15:03
1.0,0.8333333333333334,0.9166666666666666,1.0,0.75,1,HLA-B*15:03
0.9166666666666666,0.8333333333333334,0.6666666666666666,1.0,0.75,1,HLA-B*15:03
1.0,0.8333333333333334,0.6666666666666666,0.75,0.8333333333333334,1,HLA-B*15:03
0.9166666666666666,1.0,1.0,0.6666666666666666,0.6666666666666666,1,HLA-B*15:03
0.8333333333333334,0.8333333333333334,1.0,0.75,0.6666666666666666,1,HLA-B*15:03
0.9166666666666666,0.8333333333333334,0.6666666666666666,0.75,0.5833333333333334,1,HLA-B*15:03
1.0,0.9166666666666666,0.75,0.9166666666666666,0.9166666666666666,1,HLA-B*15:18
1.0,1.0,0.16666666666666666,1.0,0.9166666666666666,1,HLA-B*15:18
1.0,0.5,0.8333333333333334,0.5,0.6666666666666666,1,HLA-B*15:18
1.0,1.0,0.8333333333333334,0.8333333333333334,0.75,1,HLA-B*15:18
1.0,0.9166666666666666,1.0,0.9166666666666666,0.9166666666666666,1,HLA-B*15:18
1.0,1.0,1.0,0.9166666666666666,1.0,1,HLA-B*15:18
1.0,0.9166666666666666,0.75,0.9166666666666666,1.0,1,HLA-B*15:18
1.0,1.0,0.75,0.9166666666666666,0.6666666666666666,1,HLA-B*15:18
1.0,1.0,1.0,1.0,0.75,1,HLA-B*15:18
1.0,1.0,1.0,0.75,0.5,1,HLA-B*15:18
1.0,1.0,0.9166666666666666,0.9166666666666666,0.6666666666666666,1,HLA-B*15:18
1.0,0.9166666666666666,0.8333333333333334,0.6666666666666666,0.6666666666666666,1,HLA-B*15:18
1.0,1.0,0.75,0.9166666666666666,0.9166666666666666,1,HLA-B*37:01
1.0,1.0,0.8333333333333334,0.5833333333333334,0.3333333333333333,1,HLA-B*37:01
0.9166666666666666,1.0,0.75,0.6666666666666666,0.3333333333333333,1,HLA-B*37:01
0.9166666666666666,0.75,0.75,0.75,0.3333333333333333,1,HLA-B*37:01
0.9166666666666666,0.75,0.5,0.4166666666666667,0.0,1,HLA-B*37:01
1.0,0.5833333333333334,0.75,0.75,0.75,1,HLA-B*37:01
0.9166666666666666,0.75,0.8333333333333334,0.8333333333333334,0.3333333333333333,1,HLA-B*37:01
1.0,1.0,0.8333333333333334,0.9166666666666666,0.4166666666666667,1,HLA-B*37:01
1.0,1.0,1.0,0.16666666666666666,0.9166666666666666,1,HLA-B*37:01
1.0,1.0,0.75,0.8333333333333334,0.4166666666666667,1,HLA-B*37:01
0.9166666666666666,0.5833333333333334,0.6666666666666666,0.16666666666666666,0.3333333333333333,1,HLA-B*37:01
1.0,0.5,0.6666666666666666,0.8333333333333334,0.3333333333333333,1,HLA-B*37:01
1.0,1.0,1.0,1.0,0.8333333333333334,1,HLA-B*39:06
1.0,1.0,0.6666666666666666,0.6666666666666666,0.75,1,HLA-B*39:06
1.0,1.0,1.0,1.0,0.9166666666666666,1,HLA-B*39:06
1.0,0.9166666666666666,1.0,0.6666666666666666,0.6666666666666666,1,HLA-B*39:06
1.0,1.0,1.0,1.0,0.6666666666666666,1,HLA-B*39:06
1.0,0.9166666666666666,0.9166666666666666,0.5833333333333334,0.16666666666666666,1,HLA-B*39:06
1.0,1.0,1.0,0.5833333333333334,0.6666666666666666,1,HLA-B*39:06
1.0,0.75,1.0,0.9166666666666666,0.75,1,HLA-B*39:06
1.0,0.75,0.08333333333333333,0.5833333333333334,0.75,1,HLA-B*39:06
1.0,0.75,0.16666666666666666,1.0,0.75,1,HLA-B*39:06
0.8333333333333334,0.75,0.75,0.5833333333333334,0.6666666666666666,1,HLA-B*39:06
1.0,1.0,1.0,0.5833333333333334,0.75,1,HLA-B*39:06
1.0,1.0,1.0,0.75,0.8333333333333334,1,HLA-B*47:01
0.9166666666666666,1.0,0.8333333333333334,1.0,0.9166666666666666,1,HLA-B*47:01
0.9166666666666666,0.4166666666666667,1.0,0.5,1.0,1,HLA-B*47:01
1.0,1.0,1.0,1.0,0.9166666666666666,1,HLA-B*47:01
1.0,1.0,0.75,1.0,1.0,1,HLA-B*47:01
0.9166666666666666,1.0,0.9166666666666666,0.5,0.8333333333333334,1,HLA-B*47:01
0.9166666666666666,1.0,0.8333333333333334,0.75,0.75,1,HLA-B*47:01
0.9166666666666666,1.0,1.0,1.0,1.0,1,HLA-B*47:01
1.0,0.8333333333333334,0.9166666666666666,0.9166666666666666,0.75,1,HLA-B*47:01
0.9166666666666666,1.0,0.8333333333333334,0.6666666666666666,0.9166666666666666,1,HLA-B*47:01
0.9166666666666666,1.0,0.9166666666666666,0.5,0.16666666666666666,1,HLA-B*47:01
1.0,0.8333333333333334,1.0,0.75,0.9166666666666666,1,HLA-B*47:01
1.0,0.8333333333333334,1.0,0.9166666666666666,0.9166666666666666,1,HLA-B*73:01
0.6666666666666666,0.8333333333333334,0.6666666666666666,0.8333333333333334,0.5833333333333334,1,HLA-B*73:01
1.0,0.8333333333333334,0.6666666666666666,0.8333333333333334,0.5833333333333334,1,HLA-B*73:01
0.9166666666666666,0.8333333333333334,0.6666666666666666,0.9166666666666666,0.3333333333333333,1,HLA-B*73:01
0.9166666666666666,0.8333333333333334,0.6666666666666666,0.75,0.5833333333333334,1,HLA-B*73:01
0.75,0.8333333333333334,0.6666666666666666,0.9166666666666666,1.0,1,HLA-B*73:01
1.0,0.8333333333333334,0.8333333333333334,0.9166666666666666,0.8333333333333334,1,HLA-B*73:01
0.75,0.8333333333333334,0.6666666666666666,0.8333333333333334,0.8333333333333334,1,HLA-B*73:01
0.9166666666666666,0.8333333333333334,0.6666666666666666,0.8333333333333334,0.9166666666666666,1,HLA-B*73:01
1.0,0.8333333333333334,0.6666666666666666,0.8333333333333334,0.75,1,HLA-B*73:01
0.9166666666666666,0.8333333333333334,0.8333333333333334,0.8333333333333334,0.75,1,HLA-B*73:01
0.6666666666666666,0.8333333333333334,0.75,0.9166666666666666,0.9166666666666666,1,HLA-B*73:01
1.0,0.75,0.5,0.9166666666666666,0.75,1,HLA-C*08:01
0.9166666666666666,0.9166666666666666,0.5833333333333334,1.0,0.5833333333333334,1,HLA-C*08:01
1.0,0.6666666666666666,0.75,0.75,1.0,1,HLA-C*08:01
1.0,0.9166666666666666,0.5833333333333334,1.0,0.9166666666666666,1,HLA-C*08:01
0.8333333333333334,0.9166666666666666,1.0,0.8333333333333334,0.75,1,HLA-C*08:01
1.0,0.9166666666666666,0.6666666666666666,0.6666666666666666,1.0,1,HLA-C*08:01
1.0,0.9166666666666666,1.0,0.6666666666666666,1.0,1,HLA-C*08:01
0.9166666666666666,1.0,1.0,0.8333333333333334,0.75,1,HLA-C*08:01
1.0,0.5833333333333334,0.6666666666666666,1.0,1.0,1,HLA-C*08:01
1.0,0.9166666666666666,0.75,1.0,0.6666666666666666,1,HLA-C*08:01
1.0,0.9166666666666666,0.8333333333333334,0.8333333333333334,0.6666666666666666,1,HLA-C*08:01
0.9166666666666666,0.75,0.8333333333333334,0.5,0.5833333333333334,1,HLA-C*08:01
1.0,1.0,1.0,1.0,0.8333333333333334,0,HLA-A*29:02
1.0,0.8333333333333334,0.8333333333333334,0.3333333333333333,0.16666666666666666,0,HLA-A*29:02
1.0,1.0,1.0,1.0,1.0,0,HLA-A*29:02
1.0,0.8333333333333334,0.9166666666666666,1.0,1.0,0,HLA-A*29:02
1.0,1.0,1.0,0.5,0.5833333333333334,0,HLA-A*29:02
1.0,0.5,0.9166666666666666,0.9166666666666666,1.0,0,HLA-A*29:02
0.3333333333333333,0.5,0.9166666666666666,0.16666666666666666,0.75,0,HLA-A*29:02
1.0,1.0,0.5,1.0,1.0,0,HLA-A*29:02
1.0,1.0,0.9166666666666666,1.0,1.0,0,HLA-A*29:02
0.25,0.8333333333333334,0.9166666666666666,1.0,0.6666666666666666,0,HLA-A*29:02
1.0,1.0,0.8333333333333334,1.0,0.6666666666666666,0,HLA-A*29:02
0.9166666666666666,0.3333333333333333,0.8333333333333334,0.6666666666666666,0.6666666666666666,0,HLA-A*29:02
1.0,0.8333333333333334,1.0,0.9166666666666666,1.0,0,HLA-B*08:01
1.0,1.0,0.9166666666666666,1.0,1.0,0,HLA-B*08:01
1.0,0.4166666666666667,0.75,1.0,1.0,0,HLA-B*08:01
1.0,0.5,1.0,0.5833333333333334,0.8333333333333334,0,HLA-B*08:01
1.0,1.0,1.0,1.0,1.0,0,HLA-B*08:01
1.0,1.0,1.0,1.0,1.0,0,HLA-B*08:01
1.0,1.0,0.75,0.9166666666666666,0.16666666666666666,0,HLA-B*08:01
0.9166666666666666,1.0,1.0,1.0,1.0,0,HLA-B*08:01
1.0,1.0,0.9166666666666666,0.8333333333333334,0.9166666666666666,0,HLA-B*08:01
1.0,1.0,1.0,1.0,1.0,0,HLA-B*08:01
1.0,0.5833333333333334,1.0,0.8333333333333334,1.0,0,HLA-B*08:01
1.0,1.0,1.0,1.0,1.0,0,HLA-B*08:01
1.0,0.9166666666666666,0.5,0.5833333333333334,0.8333333333333334,0,HLA-B*15:03
1.0,1.0,1.0,1.0,1.0,0,HLA-B*15:03
0.25,0.16666666666666666,0.5833333333333334,0.3333333333333333,0.25,0,HLA-B*15:03
1.0,1.0,1.0,1.0,0.9166666666666666,0,HLA-B*15:03
1.0,0.8333333333333334,1.0,1.0,1.0,0,HLA-B*15:03
1.0,1.0,1.0,1.0,0.5,0,HLA-B*15:03
1.0,0.9166666666666666,1.0,1.0,1.0,0,HLA-B*15:03
1.0,1.0,1.0,0.3333333333333333,0.9166666666666666,0,HLA-B*15:03
1.0,0.9166666666666666,0.5833333333333334,1.0,1.0,0,HLA-B*15:03
0.5833333333333334,0.16666666666666666,1.0,0.3333333333333333,0.08333333333333333,0,HLA-B*15:03
1.0,1.0,0.5833333333333334,0.9166666666666666,0.6666666666666666,0,HLA-B*15:03
1.0,1.0,1.0,1.0,1.0,0,HLA-B*15:03
1.0,1.0,0.9166666666666666,0.9166666666666666,0.9166666666666666,0,HLA-B*15:18
1.0,0.9166666666666666,0.3333333333333333,0.9166666666666666,0.4166666666666667,0,HLA-B*15:18
1.0,0.9166666666666666,0.6666666666666666,1.0,0.5833333333333334,0,HLA-B*15:18
1.0,0.5833333333333334,1.0,0.16666666666666666,0.16666666666666666,0,HLA-B*15:18
1.0,1.0,1.0,1.0,1.0,0,HLA-B*15:18
1.0,0.9166666666666666,0.9166666666666666,1.0,1.0,0,HLA-B*15:18
1.0,1.0,0.4166666666666667,0.75,1.0,0,HLA-B*15:18
1.0,1.0,0.9166666666666666,0.8333333333333334,1.0,0,HLA-B*15:18
1.0,0.9166666666666666,0.9166666666666666,0.6666666666666666,0.4166666666666667,0,HLA-B*15:18
1.0,1.0,0.9166666666666666,1.0,1.0,0,HLA-B*15:18
1.0,0.9166666666666666,0.9166666666666666,1.0,0.9166666666666666,0,HLA-B*15:18
1.0,1.0,0.9166666666666666,1.0,1.0,0,HLA-B*15:18
1.0,0.5,1.0,0.0,0.16666666666666666,0,HLA-B*37:01
1.0,1.0,1.0,0.8333333333333334,0.9166666666666666,0,HLA-B*37:01
1.0,0.5,0.3333333333333333,0.6666666666666666,0.0,0,HLA-B*37:01
1.0,0.75,0.08333333333333333,0.16666666666666666,0.16666666666666666,0,HLA-B*37:01
1.0,1.0,0.08333333333333333,0.75,0.25,0,HLA-B*37:01
1.0,1.0,1.0,1.0,0.9166666666666666,0,HLA-B*37:01
1.0,0.9166666666666666,0.9166666666666666,0.75,0.25,0,HLA-B*37:01
1.0,0.5,1.0,0.4166666666666667,0.9166666666666666,0,HLA-B*37:01
1.0,0.75,0.75,0.8333333333333334,0.25,0,HLA-B*37:01
0.5833333333333334,1.0,1.0,1.0,0.9166666666666666,0,HLA-B*37:01
1.0,1.0,0.9166666666666666,0.5833333333333334,0.25,0,HLA-B*37:01
1.0,1.0,1.0,0.8333333333333334,0.4166666666666667,0,HLA-B*37:01
1.0,1.0,0.6666666666666666,0.4166666666666667,0.9166666666666666,0,HLA-B*39:06
1.0,1.0,0.8333333333333334,1.0,0.9166666666666666,0,HLA-B*39:06
0.9166666666666666,1.0,0.5833333333333334,0.5833333333333334,0.0,0,HLA-B*39:06
1.0,1.0,0.8333333333333334,1.0,0.9166666666666666,0,HLA-B*39:06
1.0,1.0,0.6666666666666666,0.3333333333333333,0.16666666666666666,0,HLA-B*39:06
1.0,1.0,0.8333333333333334,1.0,1.0,0,HLA-B*39:06
1.0,0.5,0.9166666666666666,1.0,0.9166666666666666,0,HLA-B*39:06
1.0,1.0,1.0,1.0,1.0,0,HLA-B*39:06
1.0,1.0,0.8333333333333334,1.0,0.9166666666666666,0,HLA-B*39:06
0.9166666666666666,0.6666666666666666,0.75,0.4166666666666667,0.5833333333333334,0,HLA-B*39:06
1.0,0.6666666666666666,0.8333333333333334,0.4166666666666667,0.08333333333333333,0,HLA-B*39:06
1.0,1.0,0.8333333333333334,1.0,0.9166666666666666,0,HLA-B*39:06
1.0,0.75,0.4166666666666667,0.75,0.9166666666666666,0,HLA-B*47:01
1.0,1.0,1.0,0.6666666666666666,1.0,0,HLA-B*47:01
1.0,1.0,1.0,0.75,0.5833333333333334,0,HLA-B*47:01
1.0,1.0,1.0,0.4166666666666667,0.75,0,HLA-B*47:01
1.0,0.75,1.0,0.3333333333333333,0.9166666666666666,0,HLA-B*47:01
1.0,0.9166666666666666,1.0,1.0,0.9166666666666666,0,HLA-B*47:01
1.0,0.9166666666666666,1.0,1.0,0.9166666666666666,0,HLA-B*47:01
0.4166666666666667,0.9166666666666666,0.9166666666666666,1.0,1.0,0,HLA-B*47:01
1.0,1.0,1.0,1.0,0.9166666666666666,0,HLA-B*47:01
1.0,1.0,1.0,1.0,0.9166666666666666,0,HLA-B*47:01
1.0,0.9166666666666666,0.6666666666666666,0.4166666666666667,0.25,0,HLA-B*47:01
1.0,0.9166666666666666,1.0,1.0,0.9166666666666666,0,HLA-B*47:01
0.6666666666666666,1.0,0.08333333333333333,0.9166666666666666,0.5,0,HLA-B*73:01
1.0,1.0,1.0,1.0,1.0,0,HLA-B*73:01
1.0,1.0,1.0,1.0,0.9166666666666666,0,HLA-B*73:01
1.0,1.0,1.0,1.0,1.0,0,HLA-B*73:01
1.0,1.0,1.0,1.0,1.0,0,HLA-B*73:01
1.0,1.0,1.0,1.0,0.9166666666666666,0,HLA-B*73:01
1.0,1.0,1.0,1.0,0.6666666666666666,0,HLA-B*73:01
0.3333333333333333,0.0,0.25,0.0,0.3333333333333333,0,HLA-B*73:01
1.0,1.0,1.0,1.0,1.0,0,HLA-B*73:01
0.8333333333333334,0.0,0.08333333333333333,0.4166666666666667,0.08333333333333333,0,HLA-B*73:01
0.6666666666666666,1.0,0.3333333333333333,1.0,0.9166666666666666,0,HLA-B*73:01
1.0,1.0,1.0,1.0,0.6666666666666666,0,HLA-B*73:01
1.0,1.0,0.4166666666666667,1.0,1.0,0,HLA-C*08:01
1.0,1.0,0.5833333333333334,0.75,1.0,0,HLA-C*08:01
1.0,0.6666666666666666,1.0,0.9166666666666666,0.3333333333333333,0,HLA-C*08:01
1.0,0.6666666666666666,1.0,0.3333333333333333,0.6666666666666666,0,HLA-C*08:01
1.0,0.08333333333333333,0.9166666666666666,1.0,1.0,0,HLA-C*08:01
1.0,1.0,1.0,1.0,1.0,0,HLA-C*08:01
0.9166666666666666,0.9166666666666666,1.0,0.6666666666666666,0.4166666666666667,0,HLA-C*08:01
1.0,1.0,1.0,1.0,0.8333333333333334,0,HLA-C*08:01
1.0,1.0,1.0,1.0,1.0,0,HLA-C*08:01
0.6666666666666666,1.0,0.25,1.0,1.0,0,HLA-C*08:01
1.0,1.0,0.25,0.4166666666666667,1.0,0,HLA-C*08:01
1.0,0.8333333333333334,0.75,0.9166666666666666,0.4166666666666667,0,HLA-C*08:01
